,園塘小區,
,文雄閣,
,大姚縣,daai6 jiu4 jyun6
,樹福,
1,討擾,tou2 jiu5
,翡翠會,
1,大角星,daai6 gok3 sing1
,小舅子,siu2 kau5 zi2
,西塱村委,
1,引水入牆,jan5 seoi2 jap6 coeng4
1,剝削階級,mok1 soek3 gaai1 kap1
1,詞目,ci4 muk6
1,氫氧根,hing1 joeng5 gan1
1,算盤子,syun3 pun4 zi2
,等等小,
,茵欣,
,嘉茵居,
,川資,cyun1 zi1
,寶利地產,
,二百龜頂,
1,不遱,bat1 lau1
1,新貴族,
,崑崙世家,
1,黑函,hak1 haam4
,櫥邦五金,
,禺山精品,
,藝星音像,
1,半世人,bun3 sai3 jan4
1,元五墳,
,三洋汽車,
,新涌口西,
1,兵連禍結,bing1 lin4 wo6 git3
,奧科通訊,
,大禾塘,
1,闊氣,fut3 hei3
,絲蒂瑪,
1,玩嘢啊,
,墩頭圍,
1,騎驢覓驢,ke4 leoi4 mik6 leoi4
,華聯鋁窗,
1,答數,daap3 sou3
,盛捷電子,
1,大嶺皮,
,豪行品爵,
1,行勻全國,haang4 wan4 cyun4 gwok3
1,批石米,pai1 sek6 mai5
,彩碧閣,
1,鬥撚,
,豐伊粥食,
,旺聚寶,
1,虞應龍,jyu4 jing3 lung4
,永昌置業,
,湘蜀漁,
,中亞地產,
,國珍專營,
1,淥熟晒,luk6 suk6 saai3
1,鴞叫,hiu1 giu3
,墨江,
,五聯路口,
1,泛大陸,faan3 daai6 luk6
,天安國際,
,天馬美食,
,笑臉兒,siu3 lim5 ji4
1,池沼,ci4 ziu2
,晚九朝五,
,林秀奇,
,大鹿灣,
1,通用拼音,tung1 jung6 ping3 jam1
1,担竿,daam3 gon1
,黎家基橫,
,監生食,gaam3 saang1 sik6
,蔚晴軒,
,開心漁邨,
,青秀區,cing1 sau3 keoi1
,郵電司,
,中華鱉府,
1,水玻璃,seoi2 bo1 lei1
1,生物媒介,sang1 mat6 mui4 gaai3
,三洋湖,
1,搦過嚟,nik1 gwo3 lai4
,濃情咖啡,
,福祿五金,
1,秦椒,ceon4 ziu1
1,種子種苗,
,建業玻璃,
1,初具,
,麗高傢俬,
1,形影相隨,jing4 jing2 soeng1 ceoi4
1,峭壁飛榕,
1,五代史,ng5 doi6 si2
1,黃麖仔,
,金怡海鮮,
1,驗證下,
,臺味風,
1,適纔,
,大東埔,
1,拆穿佢,
,賽格物流,
,飛揚童裝,
,敦和數碼,
,文博軒,
,伊丫丫,
1,大排咀,
1,企求,kei5 kau4
1,妖你,
,江圍,
1,上呼吸,
1,唔臭腥,m4 cau3 seng3
,怡厚閣,
1,笪沙魚,daat3 saa1 jyu2
1,貓匿,maau1 nik1
,國豪鞋業,
,山耐斯,
1,榆桂,
1,忌廉梳打,gei6 lim1 so1 daa2
1,神權統治,san4 kyun4 tung2 zi6
,番貿小區,
1,橫嶺背,
,金田隆,
,雲津裏,
,油甘山,
1,富貴病,fu3 gwai3 beng6
,昌盛玻璃,
,川粵食府,
1,屌柒你,
,新新布藝,
,名華士多,
,愛娥婦科,
,偉興地產,
1,肖特基,
,長隆五金,
,歐萊士,
,黃心,wong4 sam1
1,看菜吃飯,hon3 coi3 hek3 faan6
1,水龍帶,seoi2 lung4 daai3
1,掟親,
,纖奇服飾,
,權晟裝飾,
1,佔下風,zim3 haa6 fung1
,都興裏,
1,腰果雞丁,jiu1 gwo2 gai1 ding1
,石門浣紗,
,真味源,
1,藏躲,cong4 do2
,富安地產,
1,秦穆公,ceon4 muk6 gung1
1,火頭軍,fo2 tau4 gwan1
,鹿鳴居,
,燕川,
1,鴻恩,
1,榕樹鬚,jung4 syu6 sou1
,卓帆金門,
,新墩,
1,窮愁潦倒,kung4 sau4 liu5 dou2
,生記洋酒,
1,駁咀駁舌,bok3 zeoi2 bok3 sit6
1,梘水糭,gaan2 seoi2 zung2
,曾堂記,
,名鱗髮型,
1,觀音座蓮,
1,勸動,hyun3 dung6
,文田閣,
,十三中,
,視角電子,
1,便器,bin6 hei3
,雪域藏藥,
1,鹹溼笑話,haam4 sap1 siu3 waa2
,麒麟門,
,新潮發藝,
1,夾七夾八,gaap3 cat1 gaap3 baat3
,瑞和路北,
1,衹差,
,酷酷兒,
1,演說者,jin2 syut3 ze2
1,著稱於世,zyu3 cing1 jyu1 sai3
,順嘴兒,seon6 zeoi2 ji4
1,孌童戀,lyun5 tung4 lyun2
,鵬廚廚具,
1,紅嘴鴉雀,hung4 zeoi2 aa1 zoek3
,合豐紡織,
,巨煌燈飾,
,蠔元,
,兩龍墟,
1,亂曬龍,
,茂盛佛具,
,猛勁兒,maang5 ging6 ji4
,雅緻窗簾,
1,吞滅,tan1 mit6
,合和電器,
,新順紡織,
,石井村巴,
,品潮軒,
,祥發集團,
,投扭,
1,山凹,saan1 aau3
,零食一叮,
,汾陽堂,
1,認識論,jing6 sik1 leon6
,銀湖天峯,
,北海閣,
1,細嬸,sai3 sam2
1,彈性模量,daan6 sing3 mou4 loeng6
1,擠軋,zai1 zaat3
,金星廣告,
,奧特威,
,媽祖湖,
,美福閣,
1,拜老師,baai3 lou5 si1
1,東菱,
,蜀南竹海,
1,炸壞,
,草莊村府,
1,煤箱,mui4 soeng1
,科達電腦,
,胖次,bun6 ci3
,益孚奶粉,
1,喐來喐去,juk1 loi4 juk1 heoi3
1,跛腳了哥,bai1 goek3 liu5 go1
1,由簡而繁,jau4 gaan2 ji4 faan4
,一川,
1,暗啞抵,am3 aa2 dai2
1,一連給,
1,嘰嘰咭咭,gi4 gi1 gat6 gat6
,暢然居,
1,一唪味,
1,塑膠件,
1,僕歐,buk6 au1
,休閒小,
,勝記倉,
,天天素食,
1,遐心,haa4 sam1
1,木咀,muk1 zeoi2
1,武德修養,
,金宴匯,
1,四聲杜鵑,sei3 sing1 dou6 gyun1
,上南路口,
,恆益汽車,
,金海時尚,
1,屎䍇,si2 taap3
1,犁田,lai4 tin4
1,助樂,
,石龍東,
1,睇下嘢,
,美術品,mei5 seot6 ban2
1,慣量,gwaan3 loeng6
,航豐食坊,
,老香食品,
,成發五金,
1,回鍋油,wui4 wo1 jau4
1,費用單,
,僑洲,
1,一哄而起,jat1 hung6 ji4 hei2
1,睇面色,tai2 min6 sik1
,六和春酒,
,當雄縣,dong1 hung4 jyun6
1,三弦樂器,saam1 jin4 ngok6 hei3
1,食蟲目,sik6 cung4 muk6
1,主族,zyu2 zuk6
1,通知唔切,tung1 zi1 m4 cit3
1,烏龍麪,wu1 lung2 min6
1,閪吱,hai1 zi1
,聯龍國際,
1,食得冇嘥,sik6 dak1 mou2 saai1
1,沱茶,to4 caa4
1,呫囁,cip3 zip3
1,惜寸陰,sik1 cyun3 jam1
1,茶瓜送飯,caa4 gwaa1 sung3 faan6
,鑫輝通信,
,富城茶藝,
1,租車點,
,鍾新建材,
1,漲滿,zoeng3 mun5
1,想起來了,
1,多早晚,do1 zou2 maan5
1,不失時機,bat1 sat1 si4 gei1
1,打死纈,daa2 sei2 lit3
,輝達汽配,
,順全茶軒,
,課文啓動,fo3 man4 kai2 dung6
1,我都係呀,
,餃子人家,
,美雅石材,
,排逢洲,
,西寧音像,
,海鵬工業,
1,轉臺,zyun3 toi4
1,氯化鋁,luk6 faa3 leoi5
1,型到痹,jing4 dou3 bei3
,尚東江景,
1,舔吮,tim2 syun5
1,補花,bou2 faa1
,埃敘,aai1 zeoi6
1,龜船,gwai1 syun4
1,氣象觀測,
,聖代,sing3 doi6
1,霉雨,mui4 jyu5
1,高麗宮,
1,冇你修,mou5 nei5 sau1
1,金雞納樹,gam1 gai1 naap6 syu6
,江南新地,
1,飛沫四濺,fei1 mut6 sei3 zin3
,鴻銀髮匯,
1,鏨亂歌柄,zaam6 lyun6 go1 beng3
1,克己奉公,hak1 gei2 fung6 gung1
,落線,lok6 sin3
,雙安,
1,食三六,sik6 saam1 luk6
,牙齒得得,
1,裝船,zong1 syun4
,龍騰電腦,
1,熟思,suk6 si1
1,梔子,zi1 zi2
1,攬頸巾,laam2 geng2 gan1
1,人盡其材,jan4 zeon6 kei4 coi4
1,變速傳動,bin3 cuk1 cyun4 dung6
,明園閣,
,雙星滴膠,
,嘉倫多,
1,蛐蟮,kuk1 sin6
1,夏時制,haa6 si4 zai3
,蛇王善,
,摩姐,
1,急凍食物,gap1 dung3 sik6 mat6
1,似乜樣呢,
,安居置業,
1,暗香疏影,am3 hoeng1 so1 jing2
,數控機牀,
,產糧大省,caan2 loeng4 daai6 saang2
1,服務規章,fuk6 mou6 kwai1 zoeng1
,天悅客,
,東方名儷,
1,播啦,
,金來閣,
,鄒縣,zau1 jyun6
1,鞭闢入裏,bin1 pik1 jap6 leoi5
,廣河,gwong2 ho4
,疏附,so1 fu6
,盛怡地產,
,明德堂,
1,瞓捩頸,fan3 lai2 geng2
,黃溪,
,天麗南,
1,你好有心,nei5 hou2 jau5 sam1
1,百金花,baak3 gam1 faa1
1,寫作方法,
,鳩江區,gau1 gong1 keoi1
1,我都冇計,
,餛燉,wan4 dan6
,志通五金,
1,唔理喇,
,中泰傢俱,
,鴉崗路口,
,安木電腦,
,瑞星油墨,
,鼎皇漢堡,
1,好惡搞,
,捷鋒汽配,
,博奧皮業,
,素社服飾,
1,咪咁驚青,
,你哋你,
1,充硬,cung1 ngaang6
1,絞殺,gaau2 saat3
,銀暉,
1,扣式電池,kau3 sik1 din6 ci4
,荔雅閣,
,布吉供電,
1,化學彈藥,faa3 hok6 daan2 joek6
1,我錯了咯,
1,抆灰,man3 fui1
1,頸喝,geng2 hot3
1,培訓過,pui4 fan3 gwo3
1,夠曬醒,
,浚渫,zeon3 sit3
,雲浮石材,
1,鳩毛咁少,gau1 mou4 gam3 siu2
,本利發,
1,德雷斯頓,dak1 leoi4 si1 deon6
,譚頭路口,
,兩粵,loeng5 jyut6
1,我改我改,
,坡頭排,
1,苜蓿,muk6 suk1
,龍陵縣,lung4 ling4 jyun6
1,難肥,
,南興燒臘,
1,雕鴞,
,石版裏,
,馬約特,maa5 joek3 dak6
1,屯公,tyun4 gung1
,銀東,
1,雞鼻巖,
,恆泰,
,頌亭閣,
1,不可計數,
,其記工程,
1,巖茶,
,宇順電子,
1,伊利格瑞,ji1 lei6 gaak3 seoi6
1,開團體票,
,墩邊仔嶺,
,強銘,
,飽餐戰飯,baau2 caan1 zin3 faan6
1,撞闆,zong6 baan2
,燒灰爐口,
,忠記撈麪,
,山寮頂,
1,劑子,zai1 zi2
1,地壟,dei6 lung5
,推計,teoi1 gai3
1,你姐,
,金成時代,
1,解痙劑,gaai2 ging6 zai1
1,背脊開窿,bui3 zek3 hoi1 lung1
,木瓜圜,
,沙龍電影,
1,複殖目,fuk1 zik6 muk6
1,百式,
1,炒一丁,caau2 jat1 ding1
,專英,
,迪伊彩,
,社結,
1,高能粒子,gou1 nang4 lap1 zi2
1,有無相通,jau5 mou4 soeng1 tung1
,韓潮一族,
1,四開,sei3 hoi1
,國仁電器,
1,孔融讓梨,hung2 jung4 joeng6 lei4
,商鋪通,
1,滾刀塊,gwan2 dou1 faai3
1,出入證,ceot1 jap6 zing3
,研修員,jin4 sau1 jyun4
,咸陽橋,haam4 joeng4 kiu4
,三華,
1,標識位,biu1 zi3 wai2
1,針咭,zam1 kaat1
1,人民富足,
,中國振華,
1,煎炸油,zin1 zaa3 jau4
1,懶瞓豬,laan5 fan3 zyu1
,技巧坊,
,永泰裏,
,溮河,si1 ho4
,知力電梯,
,連塘,
,靜頤,
,羌頭老圍,
,立恆地產,
,清流縣,cing1 lau4 jyun6
1,惡恨,ok3 han6
1,蟠根錯節,pun4 gan1 co3 zit3
1*,風栗,fung1 leot2
,萬量貨運,
1,留存收益,lau4 cyun4 sau1 jik1
,高信集團,
,嶺湖軒,
,威隆五金,
1,嗒落有味,daap1 lok6 jau5 mei6
,金絲倫,
,派克乾洗,
,順發陶瓷,
,伊之美,
1,打踭,daa2 zaang1
,興隆橫,
,景觀裏,
,黃志文,
,誠通模具,
,新釗記茶,
,金海通,
1,叉切飯,caa1 cit4 faan6
1,國內生產,gwok3 noi6 sang1 caan2
1,麻骨拐杖,maa4 gwat1 gwaai2 zoeng2
1,馬自達,maa5 zi6 daat6
,怡馨家政,
,新森建材,
1,立據,
1,屯門卐慈,
,粵盛名泉,
1,十指纖纖,sap6 zi2 cim1 cim1
,佐登妮絲,
,順成裏,
1,青醬,cing1 zoeng3
1,學師仔,hok6 si1 zai2
1,多嘴多舌,do1 zeoi2 do1 sit3
,六榕裏,
,金惠閣,
1,雞蛋清,gai1 daan2 cing1
,九龍湖,
1,超級杯,ciu1 kap1 bui1
,美芝培訓,
,都市華庭,
,超爽面,
1,簇莖石竹,cuk1 ging3 sek6 zuk1
1,沉船事故,cam4 syun4 si6 gu3
,八駿家電,
,品德高尚,
,衙邊村委,
1,隨附,
,雅典園茶,
1,骨骼系統,gwat1 gaak3 hai6 tung2
1,畀三盒飯,
1,歧途,kei4 tou4
1,紋喉鳳鶥,man4 hau4 fung6 mei4
1,鳳頭蜂鷹,fung6 tau4 fung1 jing1
1,用意何在,
,偉明眼鏡,
1,精密儀器,zing1 mat6 ji4 hei3
,龍羊峽,lung4 joeng4 haap6
1,孑孓,kit3 kyut3
,藍天美食,
1,派克大衣,paai3 hak1 daai6 ji1
1,完形,jyun4 jing4
,新興鞋業,
1,太空步,taai3 hung1 bou6
,新勁,
,華記鋼材,
1,共利,
,湘西人家,
1,咿咿𠹷𠹷,ji4 ji1 ngo4 ngo4
,綠園區,luk6 jyun4 keoi1
,雞煲王,
,雪兒洗衣,
,麒麟軒,
,光明閣,
,婧禾宮,
1,枕席,zam2 zik6
1,千金子藤,
1,歷史遺跡,lik6 si2 wai4 zik1
,潮秀陶瓷,
1,地錢,dei6 cin4
1,畀晒你喇,
,太平地產,
,麓景,
,韓信紫砂,
,行羋一邊,
,曼蒙特,
,康樂園北,
,永興閣,
,歌麗得,
,尾張國,mei5 zoeng1 gwok3
1,小刀會,siu2 dou1 wui2
,湘味濃,
,背影兒,bui3 jing2 ji4
,嘉興平價,
,創億玩具,
1,斬崩刀,
,白雲區委,
1,軟燈條,
,水西路中,
1,上校軍官,soeng6 gaau3 gwan1 gun1
1,展列,zin2 lit6
,興國縣,hing1 gwok3 jyun6
,屏康居,
1,僑鄉,kiu4 hoeng1
,永興新,
,西峯區,sai1 fung1 keoi1
1,刺戳,ci3 coek3
1,有乜事幹,jau5 mat1 si6 gon3
1,百鳥居,
,宣和鞋業,
1,崖限,ngaai4 haan6
1,猛鑊,maang5 wok6
,明達金門,
,富基裝飾,
,麥角士,
,富逸豪庭,
,都會驛,
1,移時,ji4 si4
,鍾家裏,
1,欲設,
,沙步貨運,
1,讕大枝野,
,溪山,
,月圍,
1,香港學堂,
1,擸光晒,laap3 gwong1 saai3
1,大文蛤,daai6 man4 gap3
1,紅蜻蜓,
,富祥旅業,
1,腳枕,goek3 zam2
1,盤秤,pun4 cing3
1,樂活臺,
1,接線室,zip3 sin3 sat1
,富安閣,
,德強地產,
1,外界影響,ngoi6 gaai3 jing2 hoeng2
1,催眠術,ceoi1 min4 seot6
,宏利棉紡,
1,鹽基,jim4 gei1
1,怎就,
1,鴨絨,aap3 jung2
1,就在廣州,
,寶順汽配,
,怡新素食,
,名牌陶瓷,
,樂巢,
1,通例,tung1 lai6
1,咪吵,
,霍邱縣,fok3 jau1 jyun6
1,有失遠迎,jau5 sat1 jyun5 jing4
,漁農匯,
,黃閣坑,
,小甫北約,
,陳崇明,
,翔宇貨運,
1,噏動,ngap1 dung6
1,久闊,gau2 fut3
,品服,ban2 fuk6
,去白雲,
,金泰汽配,
1,水桶袋,seoi2 tung2 doi2
1,盤跚,pun4 saan1
1,求索,kau4 saak3
1,下弦月,haa6 jin4 jyut6
1,菜心樖,coi3 sam1 po1
,後續包,
,萬盈地產,
,時派圈,
,雙清閣,
,紀華,
,毅廬,
1,草帽頂,
1,假聲,gaa2 seng1
1,扯風箱,ce2 fung1 soeng1
,福星玩具,
,齊宮閣,
1,三民,saam1 man4
1,山農食品,
,劃鼠,
,聚仁坊,
,鴻凱達,
1,阿法爾,aa3 faat3 ji5
,康龍推拿,
1,頻侖,pan4 lan4
,皇氏牛奶,
1*,知樫識儉,
,榮佳汽車,
,真如坊,
1,不結盟,bat1 git3 mang4
,領先通訊,
1,懶人版,
,雲卡,wan4 kaa1
1,密密匝匝,mat6 mat6 zaap3 zaap3
,芙蓉坊,
1,銅盤,tung4 pun2
1,盤飧,pun4 syun1
1,斑尾林鴿,baan1 mei5 lam4 gaap3
1,鄭輝,
,派源樂,
1,心毒手辣,sam1 duk6 sau2 laat6
,蕉葉深圳,
,阿呀呀,
,中山醫療,
1,噉就弊,gam2 zau6 bai6
,松溪別墅,
,不中考,
,雅翠軒,
1,交媾,gaau1 gau3
1,殉職人員,seon1 zik1 jan4 jyun4
,柏林聯合,
,百勝置業,
,鋒興傢俬,
,陽安,
1,撳低佢,
,捷連尼,
1,冇竅,mou5 kiu2
,藝能電器,
,北灣,
,運隆地產,
1,一乾,jat1 gon1
1,橫摺,waang4 zip3
,名鋒漁具,
1,消釋,siu1 sik1
1,對應值,
1,轉磨,zyun3 mo6
,美之上,
1,姬鷸,gei1 wat6
,簡太路口,
1,硬副本,
,東方愛康,
1,口硬硬,
,廣客隆,
1,冠麻鴨,gun3 maa4 aap3
1,壓克力,aat3 hak1 lik6
,上海精品,
,林莊泳衣,
1,出口服裝,
1,保健用品,
1,求之過急,
,三哥廚藝,
1,褶曲,zip3 kuk1
1,倒掛金鉤,dou3 gwaa3 gam1 ngau1
1,弓腰,gung1 jiu1
,錦濤置業,
1,股指,gu2 zi2
1,特需,dak6 seoi1
,肩中情,
,萬事利,
,家己冷,gaa6 gi6 laang1
1,喺邊度呀,
1*,石溪裏,
,飯堂專家,
1,飲脹,
,穗興,
,廣州機電,
,維揚區,wai4 joeng4 keoi1
1,旅居車,leoi5 geoi1 ce1
,康靈電器,
,夢幻眼鏡,
1,晤顛對,
,驅動力,keoi1 dung6 lik6
1,冇事做,
1,梢公,saau1 gung1
1,蠲潔,gyun1 git3
1,帛畫,baak6 waa2
1,婦道人家,fu5 dou6 jan4 gaa1
1,撲到盡,
1,密啲手,mat6 di1 sau2
,湘西鄉,
1,出行力,
1,抑制酶,jik1 zai3 mui4
1,禍福吉凶,wo6 fuk1 gat1 hung1
,拉勾兒,laai1 ngau1 ji4
1,婦德,fu5 dak1
,美食閣,
1,中箭落馬,zung3 zin3 lok6 maa5
,富悅商務,
,香葉茶藝,
1,救命圈,gau3 meng6 hyun1
1,鐳雕,
,喜利佳,
1,推著,
,華潤地產,
1,窈窈,miu5 miu5
,塔崗,
1,入盟,jap6 mang4
,珀麗,
1,黃帝族,wong4 dai3 zuk6
1,閘骨,zaap6 gwat1
1,嘉禮,
1,飛機老鼠,fei1 gei1 lou5 syu2
,朗峯閣,
,裕瑞昌,
,大同餅家,
,黃南,wong4 naam4
,壓氣,aat3 hei3
1,哭秋風,huk1 cau1 fung1
,定艙,ding6 cong1
,幸福花坊,
,朝安,
1,斟生意,zam1 saang1 ji3
,韶山閣,
1,覘高頭,
,春青工藝,
,髧腮,dam3 soi1
,康之家,
,未然成風,
1,椋鳥,loeng4 niu5
1,老感,lou5 gam2
,湘約人家,
,渦陽縣,gwo1 joeng4 jyun6
1,抓差,
1,豬咀,zyu1 zeoi2
,湴湄,
1,白菜芯,baak6 coi3 sam1
1,馬乾,
,佳誠,
,免持,
,亨發批發,
,康華醫療,
,血賬,hyut3 zoeng3
,快連,
1,人造絲,jan4 zou6 si1
,伍家崗區,ng5 gaa1 gong1 keoi1
1,氯綸,luk6 leon4
,花生秀,faa1 sang1 sau3
,松桃縣,cung4 tou4 jyun6
,沁悅,
,叢桂南,
,鑫美鞋業,
1,嚟唔得切,lai4 m4 dak1 cit3
1,授權範圍,sau6 kyun4 faan6 wai4
,大嶺墩,
,中心鳳崗,
,姐妹川菜,
1,收益帳戶,sau1 jik1 zoeng3 wu6
1,毀家紓難,wai2 gaa1 syu1 naan4
,北陰,
1,最大速率,zeoi3 daai6 cuk1 leot2
1,首都領地,sau2 dou1 ling5 dei6
,官坦,
1,亞撒,aa3 saat3
,左右傢俱,
1,柴魚片,caai4 jyu4 pin2
1,上落班,
,連元裏,
1,雙蕊蘭,soeng1 jeoi5 laan4
1,合轍,hap6 cit3
1,幌動,fong2 dung6
1,切空間,cit3 hung1 gaan1
,西平縣,sai1 ping4 jyun6
1,亞吱亞咗,aa3 zi1 aa3 zo2
,藝品軒,
1,行啦行啦,
,宏芳閣,
,欣果坊,
,梅記士多,
1,雞鯁頸,gai1 kang2 geng2
,發匠,
1,講嚟都,
1,喝涼茶,
,萬福裏,
,李誠恩,lei5 sing4 jan1
,泰興傢俬,
1,鹽井,jim4 zeng2
1,亡戟得矛,mong4 gik1 dak1 maau4
1*,監人賴逅,gaam1 jan4 laai5 hau6
1,鵝春形,ngo4 ceon1 jing4
1,漆工,cat1 gung1
,久裕村口,
1,咩姿勢,
,鴻發裝飾,
,蠹衆木折,dou3 zung3 muk6 zit3
1,一匹布,
,沙班,
1,輕心,hing1 sam1
1,被鬼矺,bei6 gwai2 zaak6
,富錦,fu3 gam2
,輝煌門窗,
,龍聯,
1,圓鑿方枘,jyun4 zok6 fong1 jeoi6
1,得五得閒,
,春秋棋畫,
,亞示照明,
1,無夜無日,
,淘源倉儲,
,茗豐餅家,
1,調休,diu6 jau1
,土土家,
1,不爲人知,bat1 wai4 jan4 zi1
,靚麗愛車,
,玫林別墅,
1,肛欲期,gong1 juk6 kei4
1,凡夫,faan4 fu1
,之娘,
1,攞曬彩,
,源清裏,
,烏石崗,
1,毛遂,mou4 seoi6
1,削平,soek3 ping4
,瀘定,lou4 ding6
,喜力高,
1,宿緣,suk1 jyun4
,高怡,
1,配送者,pui3 sung3 ze2
1,手剎車,sau2 saat3 ce1
,逆次次,ngaak6 ci3 ci3
,祥利拆車,
,博覽廣告,
,利鳴翠,
,近聖裏,
,求葡萄,
,麗島小區,
1,唞大氣,tau2 daai6 hei3
,益通摩托,
,拍拿,
1,費人思索,fai3 jan4 si1 sok3
,谷谷香,
,三穗,saam1 seoi6
,強輝照明,
,星創,
1,甲醇中毒,gaap3 seon4 zung3 duk6
1,一日最衰,
1,亞視臺,
1,襪頭,mat6 tau4
1,番薯葉,
,五月咖啡,
,兆隆工藝,
1,法隆寺,faat3 lung4 zi2
1,調擋,diu6 dong3
1,作壆坑,
,全黨全軍,cyun4 dong2 cyun4 gwan1
,曉文菸酒,
1,偷漏,tau1 lau6
,興運地產,
1,放低二兩,fong3 dai1 ji6 loeng2
,精美小食,
1,捅穿,
1*,伯孃,
1,實況錄音,sat6 fong3 luk6 jam1
1,張檯唔平,
1,有咩也,
,中森名菜,
1,臭𣫒𣫒,cau3 hang1 hang1
1,灰皮諾,fui1 pei4 nok6
,生景石材,
,飛越夢想,
1,假條,gaa3 tiu4
1,哭喪臉,huk1 song1 lim5
1,安息茴香,on1 sik1 wui4 hoeng1
1,望渡坳,
1,毛驢,mou4 leoi4
,佳麗通信,
,潭村小區,
1,移民監,ji4 man4 gaam1
1,吊吊捹,diu3 diu3 fing6
1,蒼背山雀,cong1 bui3 saan1 zoek3
,雅格鞋業,
,美好居東,
1,米仔蘭,mai5 zai2 laan4
1,液晶錶,jik6 zing1 biu1
,光藝眼鏡,
1,據料,geoi3 liu6
,惠視眼鏡,
1,琵琶仔,pei4 paa4 zai2
,怡逸軒,
,駿爵豐田,
,營景閣,
1,疏疏列列,so1 so1 laat3 laat3
1,訖了,gat1 liu5
,崇珠閣,
,美雅照相,
1,參薯,sam1 syu4
1*,人工幹預,
1,仲有沒,
,建輝五金,
,名望鞋業,
1,豈不聞,
,南港海鮮,
1,計唔出,
1,湊湊埋埋,
,麗鴻改衣,
,冠峯臺,
1,爪機,zaau2 gei1
,深發衛浴,
,歐雅櫥櫃,
1,你個頭啊,
1,捋虎鬚,lyut3 fu2 sou1
1,亡命徒,mong4 ming6 tou4
1,統編,
,藍星印務,
,銀海飯堂,
1,有什麼看,
,柚果圍,
,慧緣牛仔,
,星庭,
,宜通五金,
1,飲勝會,
,富運臺,
1,阿爾伯塔,aa3 ji5 baak3 taap3
,華甲數碼,
1,佢坐十碌,keoi5 co5 sap6 luk1
,崔龍珠,
,西屯區,sai1 tyun4 keoi1
,沒門進,
1,沾面,
1,旋轉極,syun4 zyun2 gik6
1,廣東小吃,
,滿湄湄,
,龍大高速,
,驅動精靈,
1,增訂本,zang1 ding3 bun2
,聯和圩,
,峻林,
,中輝燈飾,
,衣你服飾,
1,印綬,jan3 sau6
,南坑村口,
,九九湘,
,冷冷雨,
1,饊子,saan2 zi2
1,你同你,
1,與此相反,
,鵬展物流,
,全盛木業,
,漢谷電子,
1,小唐菜,siu2 tong4 coi3
,龍派裝飾,
1,內袋,noi6 doi6
1,母球,mou5 kau4
1,大陰頂,
,水鬆望,
1,力行鷄,
1,粉蕉,fan2 ziu1
,良策按揭,
,安吉縣,on1 gat1 jyun6
1,交通擁擠,gaau1 tung1 jung2 zai1
1,不吃多點,
,慶成裏,
1,麻類,maa4 leoi6
1,用緊啦,
1,鳩鳩哋,
1,敵特,dik6 dak6
1,丫烏婆,aa1 wu1 po2
,穗慶門業,
,明海地產,
1,你即刻走,
1,弱脈,joek6 mak6
1,肇菜,siu6 coi3
,泰越軒,