,脫溶,tyut3 jung4
1,睇下佢,
1,你得嘅,
,沾染控制,zim1 jim5 hung3 zai3
,檀君王,taan4 gwan1 wong4
,寅食卯糧,jan4 sik6 maau5 loeng4
,高程,gou1 cing4
1,引狗入寨,jan5 gau2 jap6 zaai6
,頹老,teoi4 lou5
1,照住佢,
,李恆,lei5 hang4
,躽胸,jin2 hung1
1,殘酷遊戲,
,白洋澱,baak6 joeng4 din6
1,一懷愁緒,
1,大放光明,daai6 fong3 gwong1 ming4
,察察,caat3 caat3
,柔佛海峽,jau4 fat6 hoi2 haap6
,沙雅,saa1 ngaa5
,民賊獨夫,man4 caak6 duk6 fu1
1,唔上網,
1,沙漠之狐,saa1 mok6 zi1 wu4
,杭錦,hong4 gam2
1,踩到咁盡,
1,濾光片,
,羣架,kwan4 gaa3
1,寧波地區,ning4 bo1 dei6 keoi1
1,弔慰,diu3 wai3
1,踢爆咗,
,咬飯,ngaau5 faan6
,悠着,jau4 zoek6
1,多謝啦,
,掃管芴,
,隆格爾,lung4 gaak3 ji5
1,主觀原因,
,昌圖,coeng1 tou4
,沒事兒,mut6 si6 ji4
,想噉,
,滷雞肉,lou5 gai1 juk6
1,你單車,
,太源裏,
,你髮,nei5 faat3
,曬蕉,saai3 ziu1
,牛樴,ngau4 dak6
1,狐狸頭,
,埋擔,
,都市清泉,
,體膚,tai2 fu1
,矴口,deng3 hau2
,插銷仔,caap3 siu1 zai2
1,借眼,ze3 ngaan5
,康乾盛世,hong1 kin4 sing6 sai3
,新市鄉,san1 si5 hoeng1
,兇九,hung1 gau1
,盔頭,kwai1 tau4
1,過曬龍,
,湯糰,tong1 tyun4
,藍大翅鴝,laam4 daai6 ci3 keoi4
1,頒白,baan1 baak6
,擸緊,
1,美味小食,
,蛭石,zat6 sek6
,定安縣,ding6 on1 jyun6
1,仲有命,
1,起訖之間,hei2 gat1 zi1 gaan1
,伏都教,fuk6 dou1 gaau3
,伙頭將軍,fo2 tau2 zoeng1 gwan1
1,分配器,fan1 pui3 hei3
1,下季元素,
1,五號線,ng5 hou6 sin3
1,痛死我啦,
,素樸,sou3 pok3
,匯橋,wui6 kiu4
,反修,faan2 sau1
,肥皁沫,fei4 zou6 mut6
,蟹咗,haai5 zo2
,狗頸,gau2 geng2
1,真乾淨,
,一古腦兒,jat1 gu2 nou5 ji4
,無尖不商,mou4 zim1 bat1 soeng1
,聽尼士,teng1 ni1 si6
,冬至點,dung1 zi3 dim2
,保安消防,
,檳榔芋,ban1 long4 wu6
1,你好煩啊,
,在組織上,
,水仙古廟,
,地兒,dei6 ji4
1,翹足引領,kiu4 zuk1 jan5 ling5
1,犯傻,faan6 so4
,酬對,cau4 deoi3
1,膿痂疹,nung4 gaa1 can2
,尼蘇,nei4 sou1
1,冇嘢食啦,
1,唔好櫼隊,
,邪徑,ce4 ging3
1,點係呀,
,蛋杯,daan2 bui1
,毛毛草草,mou4 mou4 cou2 cou2
,頭屯河區,tau4 tyun4 ho4 keoi1
,大港區,daai6 gong2 keoi1
1,咩意思啊,
,龍里縣,lung4 lei5 jyun6
,李纓,lei5 jing1
1,屍檢,si1 gim2
,星型網,sing1 jing4 mong5
1,無要,
1,未收款,
1,毛絨玩具,mou4 jung4 wun6 geoi6
1,穫獎,
,得住位,
,盧塞恩,lou4 coi3 jan1
,友元,
1,隨得你,
,朱麗亞,zyu1 lai6 aa3
,海端鄉,hoi2 dyun1 hoeng1
1,戰鬥保障,
1,訛咗幾日,
1,涸涸地,kok2 kok2 dei2
,沂水縣,ji4 seoi2 jyun6
,唐古拉,tong4 gu2 laai1
1,過兩手,
,話事計,waa6 si6 gai2
,輝記小食,
1,打倒掟放,daa2 dou3 deng3 fong3
,冰溝,bing1 kau1
,巴爾扎克,baa1 ji5 zaat3 hak1
,冧寶頭,lam1 bou4 tau2
,洗馬檻,sai2 maa5 laam2
1,爭頭搥,
1,興妖作怪,hing1 jiu1 zok3 gwaai3
,雜遝,zaap6 daap6
,東湖區,dung1 wu4 keoi1
,女陰,neoi5 jam1
,停損單,ting4 syun2 daan1
1,咁變態,
,芋莢,
1,搵你咯,
,分幣,fan1 bai6
,鵰喙,diu1 fui3
,百度幣,baak3 dou6 bai6
1,清蒸鯇魚,
,息票,sik1 piu3
,哈里發塔,haa1 lei5 faat3 taap3
,北埔,bak1 bou3
,反扱,faan2 kap1
,禿寶蓋,tuk1 bou2 goi3
,字調,zi6 diu6
,劈面,pik1 min6
1,逞其口舌,cing2 kei4 hau2 sit6
,井研,zeng2 jin4
,鄯善縣,sin6 sin6 jyun6
,私偏,si1 pin1
,儉薄,gim6 bok6
1,洞若觀火,dung6 joek6 gun1 fo2
,先進集體,sin1 zeon3 zaap6 tai2
1,呢啲信息,
,隨波,ceoi4 bo1
,墨巴本,mak6 baa1 bun2
1,電動遙控,
,拖動力,to1 dung6 lik6
,盞嘥氣,
1,回校日,
1,講唔埋,
,駁渡,bok3 dou6
1,博聞強識,bok3 man4 koeng4 sik1
1,又揀擇,
,列王紀下,lit6 wong4 gei2 haa6
1,爽不爽,
,啉㗚,lam1 leot1
,幫飛,
,外丹,ngoi6 daan1
1,末篇,mut6 pin1
1,鱧魚,lai5 jyu2
,阿混,aa3 wan6
,美景新邨,
,驚羨,ging1 sin6
,啤機,be1 gei1
,大庵,
,北閘,
1,酸酸餿餿,
,萬戶侯,maan6 wu6 hau4
1,空頭白契,hung1 tau4 baak6 kai3
1,死項爛頂,
,襄汾,soeng1 fan4
1,洗澡間,sai2 cou3 gaan1
,自罪,zi6 zeoi6
1,百年故事,
,半表半裏,bun3 biu2 bun3 leoi5
,劃涴,faak3 waang5
1,管道運輸,gun2 dou6 wan6 syu1
1,漏屎,
1,滿腹疑雲,mun5 fuk1 ji4 wan4
,貫連,gun3 lin4
,喀擦,kaa1 caat3
,龍亭,lung4 ting4
,咪拘,mai5 keoi1
,右前方,jau6 cin4 fong1
1,長記性,zoeng2 gei3 sing3
1,非吸菸,fei1 kap1 jin1
,豆拎,
1,訛字,ngo4 zi6
,王化,wong4 faa3
,陸均松,luk6 gwan1 cung4
,積薪厝火,zik1 san1 cou3 fo2
,廖沫沙,liu6 mut6 saa1
1,航天通訊,
,油底殼,jau4 dai2 hok3
1,車我去,
,餛燉,wan4 dan6
,長山山脈,coeng4 saan1 saan1 mak6
,瀘定,lou4 ding6
1,投影面,tau4 jing2 min6
,胸花,hung1 faa1
,梳辮,so1 bin1
,何苦來哉,ho4 fu2 loi4 zoi1
1,乜冇用,
,六角括號,luk6 gok3 kut3 hou6
,廣字頭,gwong2 zi6 tau4
1,喜壽,hei2 sau6
1,等我去呀,
1,報關底單,
,巢咪蚊,
1,我服咗佢,
,復我了,
,免密,min5 mat6
1,損公肥私,syun2 gung1 fei4 si1
,剛察縣,gong1 caat3 jyun6
,噉下,
,上林縣,soeng6 lam4 jyun6
1,大嘥大使,
1,現代戰爭,
,戍守,syu3 sau2
,謝孝,ze6 haau3
,尖鼻咀,
,洛隆縣,lok3 lung4 jyun6
,脈輪,mak6 leon4
,檯安縣,toi4 on1 jyun6
1,牛膀,ngau4 bong2
,祭賽,zai3 coi3
1,調返嚟,
,鎮坪縣,zan3 ping4 jyun6
1,不做聲,bat1 zou6 seng1
,揈走,
1,噉又系,
,羅莊區,lo4 zong1 keoi1
1,血雨,hyut3 jyu5
,游仙區,jau4 sin1 keoi1
1,舒減,syu1 gaam2
,訂房部,
,中山八,zung1 saan1 baat3
,花僆仔,faa1 leng1 zai2
,碑座兒,bei1 zo6 ji4
,攀緣,paan1 jyun4
,乘法逆,sing4 faat3 jik6
1,土魠魚,tou2 tok3 jyu2
1,正在回來,
,日晝後,
1,長散,coeng4 saan2
,金秀縣,gam1 sau3 jyun6
,青山區,cing1 saan1 keoi1
1,美聲唱法,mei5 sing1 coeng3 faat3
,佳賓,gaai1 ban1
,彞憲,ji4 hin3
1,噉梗係啦,
,微中子,mei4 zung1 zi2
,有增無已,jau5 zang1 mou4 ji5
,高敞,gou1 cong2
,迆下先啦,
1,飲新婦酒,jam2 san1 pou5 zau2
1,一味恨嫁,
,雞公嶺,
1,日曜日,jat6 jiu6 jat6
,貿易貨棧,mau6 jik6 fo3 zaan6
1,而家去,
1,呷死醋佢,
,緬甸玉器,
,別有天地,bit6 jau5 tin1 dei6
1,週時,zau1 si4
1,籠仔包,
1,紅臂章,hung4 bei3 zoeng1
,布希威克,bou3 hei1 wai1 hak1
,邸報,dai2 bou3
,發木獨,faat3 muk6 duk6
,馬扎爾,maa5 zaat3 ji5
,布褂,bou3 gwaa3
1,無論何事,mou4 leon6 ho4 si6
1,總監督,zung2 gaam1 duk1
,線絡,sin3 lok3
,遠方來鴻,jyun5 fong1 loi4 hung4
1,恪守不渝,kok3 sau2 bat1 jyu4
1,紙馬,zi2 maa5
,定興縣,ding6 hing1 jyun6
,石龍子,sek6 lung4 zi2
,旱田下,
1,望風捕影,mong6 fung1 bou6 jing2
,謳吟,au1 jam4
1,糖水鋪,
,標煙,
,展弦比,zin2 jin4 bei2
1,吊窗,diu3 coeng1
1,我在課室,
1,冇咁旺,
1,直言命題,zik6 jin4 ming6 tai4
1,碾槌,nin5 ceoi4
,耄期,mou6 kei4
,能駭,nang4 haai6
,骨燼,gwat1 zeon6
1,我先係佢,
1,碗底香,
1,好講嘢,
1,成爲事實,sing4 wai4 si6 sat6
1,沃水,juk1 seoi2
,關餉,gwaan1 hoeng2
,滿明,mun5 ming4
1,電纜接頭,din6 laam6 zip3 tau4
1,入職費,
,密排,mat6 paai4
,古硯,gu2 jin6
,通曬天,
,鋸片,goe3 pin2
,斷魂椒,dyun6 wan4 ziu1
,氣哼哼,hei3 hang1 hang1
,迂見,jyu1 gin3
,道卡斯族,dou6 kaa1 si1 zuk6
,珙縣,gung2 jyun6
,擄奪,lou5 dyut6
,刀螂,dou1 long4
,鎅櫈,gaai3 dang3
,隆德縣,lung4 dak1 jyun6
,託輥,
1,讀我檔案,
,陋包,lau6 baau1
,秋荼密網,cau1 tou4 mat6 mong5
,倍兒,pui5 ji4
1,刻鵠類鶩,hak1 huk6 leoi6 mou6
1,絆跤,bun6 gaau1
1,電壺,din6 wu2
1,有冇火呀,
,喉沙,hau4 saa1
1,食糊位,
1,滾得埋,
,蘇皮,
,白鶴區,
1,沒緊要,mut6 gan2 jiu3
1,冇整親呀,
,細叔,
,一致字,jat1 zi3 zi6
,邊釁,bin1 jan6
,阿希姆,aa3 hei1 mou5
,傳統醫藥,cyun4 tung2 ji1 joek6
1,果句話,
1,沙悟淨,saa1 ng6 zing6
,獵獵,lip6 lip6
,囹圉,ling4 jyu5
,菸精,jin1 zing1
1,食好著好,
,調制波,tiu4 zai3 bo1
,頹壞,teoi4 waai6
1,爬龍舟,
,留圖,
1,巢曬皮,
,馬錦燦,
,哦多茄,
,食在廣州,
,嗨爽,
1,蜂蟄,
,大武鄉,daai6 mou5 hoeng1
1,古韻,gu2 wan6
,濃情一生,
1,太俗,
1,我問問先,
,皮襖,pei4 ngou3
1,頷首微笑,ham5 sau2 mei4 siu3
1,設定咗,
1,唔好亂龍,
1,酥胸,sou1 hung1
1,領雀嘴鵯,ling5 zoek3 zeoi2 bei1
,替代料,
1,星期三四,
1,畀煲佢哋,
,洪門五祖,hung4 mun4 ng5 zou2
1,搞返個,
1,正到痹,zeng3 dou3 bei3
1,汗津津,hon6 zeon1 zeon1
1,叮鈴,ding1 ling4
,普通樓燕,pou2 tung1 lau4 jin3
,便步走,bin6 bou6 zau2
,鬼魔,gwai2 mo1
,翅子,ci3 zi2
,乞休,hat1 jau1
,魯昂,lou5 ngong4
,儆錫,geng6 sek3
1,聊電話,
,鬆元裏,
,串號,cyun3 hou6
,巴很閉,baa1 han2 bai3
1,物流速遞,
,坎窪,
,辨明,bin6 ming4
,城廂,sing4 soeng1
,打掣,daa2 zai3
1,嘎妹,gaa4 mui1
,騎土,ke4 tou2
1,次次咁喬,
,未錯,
1,星期二三,
1,育幼袋,juk6 jau3 doi2
,挨鬥,ngaai4 dau3
,坪林鄉,ping4 lam4 hoeng1
,遊憩,jau4 hei3
,榆次,jyu4 ci3
1,不定方程,bat1 ding6 fong1 cing4
1,光電池,gwong1 din6 ci4
1,左睇右睇,
1,活雷鋒,wut6 leoi4 fung1
1,移用,ji4 jung6
,窗櫺,coeng1 ling4
,碾子山,nin5 zi2 saan1
,貓嶺,
1,冇噉啦,
,林內鄉,lam4 noi6 hoeng1
,哈米爾卡,haa1 mai5 ji5 kaa1
,刻剝,hak1 mok1
,揩鑊,haai1 wok6
,藍字,
,楔尾綠鳩,sit3 mei5 luk6 kau1
,自啓,
,秕子,bei2 zi2
,滅此朝食,mit6 ci2 ziu1 sik6
1,積攢,zik1 zaan2
,猶自,jau4 zi6
,珈悅,
1,大一吋,
,金溪,gam1 kai1
,單房差,daan1 fong4 caa1
,文祕,man4 bei3
,韃靼海峽,taat3 daat3 hoi2 haap6
,備耕,bei6 gaang1
,婁煩,lau4 faan4
1,黃喉雀鶥,wong4 hau4 zoek3 mei4
,尉犁縣,wai3 lai4 jyun6
,出籠撩,ceot1 lung4 liu1
,施瓦辛格,si1 ngaa5 san1 gaak3
,騎鶴,ke4 hok6
1,食皇家飯,sik6 wong4 gaa1 faan6
1,訓練制度,
,當堂甩鬚,dong1 tong4 lat1 sou1
,操坪,cou1 ping4
1,凼凼轉,
,吃拿卡要,hek3 naa4 kaat1 jiu3
,阜南縣,fau6 naam4 jyun6
,棖眼,
,巴蜀風,
,中央省,zung1 joeng1 saang2
1,臺腳,
1,淡牟牟,
,坑槽水,
,腍佛,nam4 fat6
,品節,ban2 zit3
,栲膠,haau2 gaau1
,尚義縣,soeng6 ji6 jyun6
,腳丫子,goek3 aa1 zi2
,博鋪大,
,戙篤,dung6 duk1
,烏飯果,wu1 faan6 gwo2
1,富商巨賈,fu3 soeng1 geoi6 gu2
,一之爲甚,jat1 zi1 wai4 sam6
1,打柒,
,束修,cuk1 sau1
1,輸油管線,
1,開放地區,
1,成個彈起,
,尉遲恭,wai3 ci4 gung1
,根西島,gan1 sai1 dou2
,石臺縣,sek6 toi4 jyun6
,甌海,au1 hoi2
,清河縣,cing1 ho4 jyun6
,囁囁,zip3 zip3
1,灌咗,
,頭索類,tau4 sok3 leoi6
1,言論界,jin4 leon6 gaai3
,大寧縣,daai6 ning4 jyun6
1,箍頭攬頸,ku1 tau4 laam2 geng2
1,退役軍官,
,多咱,do1 zaa1
,病竈,beng6 zou3
,匯流環,wui6 lau4 waan4
,蔥茂,cung1 mau6
1,問下先,
,阿六,aa3 luk6
,快可立,faai3 ho2 laap6
1,男用錶,naam4 jung6 biu1
1,裂變武器,lit6 bin3 mou5 hei3
1,市政泳池,
1,今日得閒,
,本款,
1,營養燉品,
1,得虧,dak1 kwai1
1,國際舞臺,gwok3 zai3 mou5 toi4
,貴溪,gwai3 kai1
,牧放,muk6 fong3
,瓦薩比,ngaa5 saat3 bei2
,狐裘,wu4 kau4
,賊禿,caak6 tuk1
,瀅榆服飾,
1,冰帽,bing1 mou2
,崢巆,zaang1 jing4
1,巢孟孟,
,百思買,baak3 si1 maai5
,證果,zing3 gwo2
1,無話我,
1,叔祖,suk1 zou2
1,黑頦穗鶥,hak1 hoi4 seoi6 mei4
,朝酒晚舞,
,城關區,sing4 gwaan1 keoi1
1,啊好怕,
1,哼聲,hang1 seng1
,𨳒你,
1,抽大煙,
1,留髮,lau4 faat3
,後燕,hau6 jin1
1,爵士會,
1,新明細體,
1,偵毒器,zing1 duk6 hei3
,吏胥,lei6 seoi1
,儋縣,daam1 jyun6
,濤爺,tou4 je4
,竿頭,gon1 tau4
1,灰腹地鶯,fui1 fuk1 dei6 ang1
,昆都侖區,kwan1 dou1 leon4 keoi1
1,星曆,sing1 lik6
1,歲末年初,
1,測試評述,
,自乜來由,zi6 mat1 loi4 jau4
1,漣漪微漾,lin4 ji2 mei4 joeng6
,花笭女,faa1 leng1 neoi2
1,活神仙似,wut6 san4 sin1 ci5
,拜把,baai3 baa2
,不失爲,bat1 sat1 wai4
,夯砣,haang1 to4
,史稿,
,規復,kwai1 fuk6
,省餐懵,
,敗胃,baai6 wai6
,海輪,hoi2 leon4
,玩兒花招,wun6 ji4 faa1 ziu1
1,校鬧鐘,
1,卓見,coek3 gin3
,金寨縣,gam1 zaai6 jyun6
,豈不聞,
,祁東,kei4 dung1
,真詮,zan1 cyun4
,胭脂腳,jin1 zi1 goek2
1,關咗,gwaan1 zo2
,光達,
1,邊似得你,
1,直抒胸臆,zik6 syu1 hung1 jik1
,森羅殿,sam1 lo4 din6
,攤商,taan1 soeng1
,蠔菇,hou4 gu1
,阿督,aa3 duk1
,亂紀,lyun6 gei2
,欖翠閣,
,無釐癮,
1,伯仲叔季,baak3 zung6 suk1 gwai3
1,欏柚起枕,
,炳然,bing2 jin4
,擴展塢,kong3 zin2 wu2
,好削,hou2 soek3
,巴蜀面府,
,冏卿,gwing2 hing1
1,商品交換,
,都係嗻,
,去臺,heoi3 toi4
1,請客送禮,
1,可延續性,
,打躉兒,daa2 dan2 ji4
,蔻蔻,kau3 kau3
,酸夾餿,
,梁宗岱,loeng4 zung1 doi6
1,火尾綠鶥,fo2 mei5 luk6 mei4
,濁度,zuk6 dou6
,明清華盛,
,跂想,kei5 soeng2
,蠶農,caam4 nung4
,非斯,fei1 si1
,元墩山,
,宋濂,sung3 lim4
,魚臒,jyu4 wok3
1,貿易組織,mau6 jik6 zou2 zik1
1,我又要吃,
1,蒼眉蝗鶯,cong1 mei4 wong4 ang1
,囉噼,lo1 pet1
,氣衝牛斗,hei3 cung1 ngau4 dau2
1,固定檔,
,和田縣,wo4 tin4 jyun6
1,百廢具興,baak3 fai3 keoi1 hing1
,擺老門,baai2 lou5 mun4
,坯子,pui1 zi2
1,嘔死,
1,你樣衰,
,閃亮兒,sim2 loeng6 ji4
1,最快幾耐,
,蒲草箱,pou4 cou2 soeng1
1,驚咩喎,
1,熱親,
,茬地,caa4 dei6
,田寮鄉,tin4 liu4 hoeng1
,做忌,zou6 gei6
1,時宜,si4 ji4
1,輔修,fu6 sau1
1,准生證,zeon2 sang1 zing3
,臂紗,bei3 saa1
,蘇梅醬,sou1 mui4 zoeng3
,繁縷,faan4 leoi5
,勃利,but6 lei6
,品藍,ban2 laam4
1,暈頭暈腦,wan4 tau4 wan4 nou5
,侯門,hau4 mun4
,嗲吊,de2 diu3
,南丹縣,naam4 daan1 jyun6
1,怕咩喔,
1,圍名歌,wai4 meng2 go1
,行不顧言,hang4 bat1 gu3 jin4
1,真掂,
,啊英,
,水嗻嗻,seoi2 ze4 ze4
1,夠鐘嘞,
,盆栽園藝,
,寶葫蘆,bou2 wu4 lou2
,瘦金體,sau3 gam1 tai2
1,重武器,cung5 mou5 hei3
,西和縣,sai1 wo4 jyun6
1*,佗累曬,
1,行得未啊,
,一通百通,jat1 tung1 baak3 tung1
,虧柴,kwai1 caai4
,弔鐘,
,壅罯,ung1 ap1
1,博識洽聞,bok3 sik1 hap6 man4
1,熱情接待,
,老井,
,巴敗,baa1 baai6
,臊蝦,sou1 haa1
1,臺灣珍珠,
,停車楊,
1,市場動態,
,問倒,man6 dou2
,高臺縣,gou1 toi4 jyun6
1,想要咩,
1,刀光血影,dou1 gwong1 hyut3 jing2
1,做咩問呢,
1,和風創作,
,漆片,cat1 pin3
,顯生代,hin2 sang1 doi6
1,慢慢食呀,
,帶嶺區,daai3 ling5 keoi1
,鞋抽,haai4 cau1
,撋下,jeon6 haa5
1,彌勒佛,nei4 lak6 fat6
1,佢決定去,
,羊角螺線,joeng4 gok3 lo4 sin3
,戒規,gaai3 kwai1
1,纖指,cim1 zi2
1,綜述,zung3 seot6
1,傳述,cyun4 seot6
,大呼拉爾,daai6 fu1 laai1 ji5
,禾壁牆紙,
1,攪什麼,gaau2 sam6 mo1
,美差,mei5 caai1
1,噉都嘚,
,看起,hon3 hei2
,爛喊,laan6 haam3
1,睇你個樣,
,推詳,teoi1 coeng4
1,砌層,cai3 cang4
,王勃,wong4 but6
1,國內貿易,gwok3 noi6 mau6 jik6
,詐家意,
1,求其應付,
,茲沃勒,zi1 juk1 lak6
,棟心洲,
,躍遷,joek6 cin1
,漚仔,au1 zai2
1,招聘制,
,整式整水,
,經錦,ging1 gam2
,瀘水縣,lou4 seoi2 jyun6
,巧固球,haau2 gu3 kau4
1,應本分,jing1 bun2 fan6
1,唔傾咯,
,石梨邨,
1,擒爬,
,櫻花草,jing1 faa1 cou2
,凡百,faan4 baak3
1,知冷知熱,zi1 laang5 zi1 jit6
1,算不得,syun3 bat1 dak1
,徙步,
1,咁好唱口,
,草爬子,cou2 paa4 zi2
,掠賣,loek6 maai6
1,做緊也啊,
,新地置業,
1,瞎搞,hat6 gaau2
1,大氣壓強,daai6 hei3 aat3 koeng4
1,節煤型,
,瑤海,jiu4 hoi2
1,橫沖,
1,七頭噉款,
,愛克斯光,oi3 hak1 si1 gwong1
1,直頭系,
1,驚住蝕底,
1,勢兇夾狼,sai3 hung1 gaap3 long4
,畀倪,bei2 ngai6
,沃特森,juk1 dak6 sam1
,主人婆,
,塞韋里諾,coi3 wai5 lei5 nok6
1,熬龜膠,ngaau4 gwai1 gaau1
1,你前度,
,逸散,jat6 saan3
1,贏取民心,
1,九重霄,gau2 cung4 siu1
,馬房文化,maa5 fong4 man4 faa3
,摳字眼兒,kau1 zi6 ngaan5 ji4
,誒笑,e6 siu3
1,嗌佢過嚟,
1,關你𨳊事,
,聯產到勞,lyun4 caan2 dou3 lou4
,習見,zaap6 gin3
1,昇職,
,撈歌,laau1 go1
1,詞性標註,ci4 sing3 biu1 zyu3
1,好耐之後,
1,敬老席,ging3 lou5 zik6
,其害,
,可以爲,
,休閒服裝,
1,驟落,
1,花骨朵,faa1 gwat1 do2
,丘北,jau1 bak1
1,你咁大,
,應景兒,jing3 ging2 ji4
,卡秋莎,kaa1 cau1 saa1
,蝦九艇,haa1 gau2 teng5
,香草蘭,hoeng1 cou2 laan4
,㨃冧,deoi2 lam3
,虧弱,gwai1 joek6
,木卡姆,muk6 kaa1 mou5
1,收斂性,sau1 lim5 sing3
,𨳒死,
1,碌熟,
,蟈蟈籠,gwok3 gwok3 lung4
,蜀鄉,
,臭屁勒,cau3 pei3 laak6
,白霍,baak6 fok3
1,摸著,
,谷潭,
,磷磷,leon4 leon4
,拜氈,baai3 zin1
,白雲礦區,baak6 wan4 kwong3 keoi1
1,嘰嘰咕咕,
,打霧,daa2 mou6
,革吉縣,gaak3 gat1 jyun6
,南州鄉,naam4 zau1 hoeng1
,嬋娟,sim4 gyun1
,頂風停止,ding2 fung1 ting4 zi2
,返啄,faan1 doeng1
,東方狍,dung1 fong1 paau4
,陝飛集團,sim2 fei1 zaap6 tyun4
,元五墳,
1,聽話仔,
,嘉山,gaa1 saan1
,拉柴,laai1 caai4
,招貼畫,ziu1 tip3 waa2
,頭帕,tau4 paak3
,惡語,ok3 jyu5
,山坑水,saan1 haang1 seoi2
,霞餘,
1,秋收起義,cau1 sau1 hei2 ji6
1,溉滌,koi3 dik6
,捲粉,gyun2 fan2
1,現代經典,
,力錢,lik6 cin4
,圖簽,tou4 cim1
1,似唔似呀,
,暢唔開,coeng3 m4 hoi1
,作壆坑,
1,冇攻勢,
,寫㗎,
1,醃泡,jip3 paau3
,柴胡,caai4 wu4
,腎腎哋,
1,命令式,
,心窄,sam1 zaak3
,嘉興地區,gaa1 hing1 dei6 keoi1
,高戙戙,gou1 dong6 dong6
1,又唔出聲,
,吐絲,tou3 si1
1,理髮師傅,
1,不告而別,bat1 gou3 ji4 bit6
1,幀格式,zing3 gaak3 sik1
1,捅樓子,tung2 lau4 zi2
,蠶薄,caam4 bok6
,金塔縣,gam1 taap3 jyun6
,山景南,
,劃咭,
,多特蒙德,do1 dak6 mung4 dak1
,長鵝頭,
,專利稅,zyun1 lei6 seoi3
1,順應天時,seon6 jing3 tin1 si4
,湄潭,mei4 taam4
,駾喙,teoi3 fui3
,掉線,diu6 sin3
,夔夔,kwai4 kwai4
,泥蚶,nai4 ham1
,㿺㿭,baau3 caak3
1,屎窟痕,
,吞拿,tan1 naa4
,黏涎子,nim1 jin4 zi2
1,我想話,
,不揣冒昧,bat1 cyun2 mou6 mui6
1,迎福,
,占地兒,zim3 dei6 ji4
,巴中地區,baa1 zung1 dei6 keoi1
,擢第,zok6 dai6
1,自由之光,
,光爆,gwong1 baau3
,湖濱區,wu4 ban1 keoi1
,紐約紐約,
1,竭心,kit3 sam1
,油塔,jau4 taap3
1,唔使閉翳,
,戚族,cik1 zuk6
,釦眼兒,kau3 ngaan5 ji4
,過頭說話,gwo3 tau4 syut3 waa6
,樣品單,
1,港澳證,
1,還錢畀你,
,滴溜溜,dik6 lau6 lau6
1,講少句吖,
,梨窩,lei4 wo1
,澳新軍團,ou3 san1 gwan1 tyun4
1,分析型,
1,索討,saak3 tou2
1,捋高衫袖,
,落落寡合,lok6 lok6 gwaa2 hap6
,七里河,cat1 lei5 ho4
1,整溼,
,西嶼鄉,sai1 jyu4 hoeng1
1,臺上臺下,
,鐵崗,
,百合閣,
,霄壤之別,siu1 joeng6 zi1 bit6
1,非洲鴕鳥,
,油耳,jau4 ji5
,斗車,dau2 ce1
,常哦,soeng4 ngo4
1,就知你,
1,搞完衛生,
1,胭脂魚,jin1 zi1 jyu2
,略寬,
,柏鄉縣,paak3 hoeng1 jyun6
,喺人都,
,徵候,zing1 hau6
,樂陶陶,lok6 tou4 tou4
,呂岩,leoi5 ngaam4
1,講嘢呢,
,御戎,jyu6 jung4
1,新伴侶,
1,雙休日,soeng1 jau1 jat6
1,一個崩,jat1 go3 bang1
1,如前所述,
,滾刀肉,gwan2 dou1 juk6
1,敬若神明,ging3 joek6 san4 ming4
,黑葉,haak1 jip6
1,眼𥄫𥄫,
,木糖,muk6 tong4
,膏藥旗,gou1 joek6 kei4
1,癲癲哋,
1,緩沖,
,深水角,
1,傳唔傳,
,晚育,maan5 juk6
,卡樂星,kaa1 lok6 sing1
1,搵鬼搵馬,
,頂頭搥,
,勾縫,ngau1 fung6
1,二度空間,
1,咁假嘅人,
,托木爾峯,tok3 muk6 ji5 fung1
,實穩去,sat6 wan2 heoi3
,謝病,ze6 beng6
,美姑,mei5 gu1
,太陽窩,taai3 joeng4 wo1
,羽族,jyu5 zuk6
,貿易伙伴,mau6 jik6 fo2 bun6
,麥金塔,mak6 gam1 taap3
1,沒得少,
,涇源,ging1 jyun4
,四兩鐵,
,手乖,sau2 gwaai1
,咩咋,me1 zaa3
1,雙日,soeng1 jat6
1,馴服者,
1,一天一地,
1,氹人,
1,打野炮,daa2 je5 paau3
1,明澈,ming4 cit3
,山西獸,saan1 sai1 sau3
1,羅緞,lo4 dyun6
,未知數兒,mei6 zi1 sou3 ji4
,吉隆,gat1 lung4
,松坡湖,cung4 bo1 wu4
,措勤,cou3 kan4
,隧洞,seoi6 dung6
1,我要訓,
,攻城木,gung1 sing4 muk6
,詞訟,ci4 zung6
,澧水,lai5 seoi2
,㩧帽,bok1 mou2
,鯪鯉甲,ling4 lei5 gaap3
1,單車掣,daan1 ce1 zai3
,右首,jau6 sau2
1,男同胞,naam4 tung4 baau1
,下村出口,
1,情報偵察,
,十八碗,
1,起落裝置,hei2 lok6 zong1 zi3
1,不會算,
1,甘薯,gam1 syu4
,中白鷺,zung1 baak6 lou6
,舂牆,zung1 coeng4
,梅納德,mui4 naap6 dak1
1,搵你去,
,謝辛,ze6 san1
,玉井鄉,juk6 zeng2 hoeng1
,西田西基,
,咨嗟,zi1 ze1
,奸宄,gaan1 gwai2
1,五燈會元,ng5 dang1 wui2 jyun4
,班檯,baan1 toi2
,廷巴克圖,ting4 baa1 hak1 tou4
,淵到死,jyun1 dou3 sei2
,林恢復,lam4 fui1 fuk6
1,一筆抹煞,jat1 bat1 mut3 saat3
,礌石,leoi6 sek6
1,噉就會,
1,月夕,jyut6 zik6
1,投錢箱,tau4 cin4 soeng1
,回描,wui4 miu4
1,叫花子,giu3 faa1 zi2
1,劫寨,gip3 zaai6
1,咩時候,
1,翻晒,
,閔凶,man5 hung1
1,我等陣,
1,你未走得,
1,舵工,to4 gung1
,義竹,ji6 zuk1
1,嘶啞聲,si1 aa2 seng1
,話茬,waa6 ci4
,器宇軒昂,hei3 jyu5 hin1 ngong4
,龍頭元帥,lung4 tau4 jyun4 seoi3
,於田縣,jyu1 tin4 jyun6
,威基基,wai1 gei1 gei1
1,自然銅,zi6 jin4 tung4
1,彼唱此和,bei2 coeng3 ci2 wo4
1,死冤,sei2 jyun1
,走背字,zau2 bui6 zi6
1,沉積帶,cam4 zik1 daai3
1,千燈湖,cin1 dang1 wu4
,竺乾,zuk1 gon1
,士黏膠布,si6 nim1 gaau1 bou3
,西瓜瓤,sai1 gwaa1 nong4
,嵊泗,sing6 si3
,夾檔,gaap3 dong3
,海鱟,hoi2 hau6
1,目標偵察,
,扎款,zaat3 fun2
,掇刀區,zyut3 dou1 keoi1
1,橫步,waang4 bou6
1,梳妝室,so1 zong1 sat1
1,零用金,ling4 jung6 gam1
,換膊,wun6 bok3
,蝸廬,wo1 lou4
1,證明力,zing3 ming4 lik6
,餅鐺,beng2 caang1
1,丟眉丟眼,diu1 mei4 diu1 ngaan5
1,榕樹下,
1,座檯,zo6 toi2
1,在會談中,
1,呢趟,
,朝族,ciu4 zuk6
,利寶茶,
1,白冠攀雀,baak6 gun3 paan1 zoek3
,日字櫈,jat6 zi6 dang3
1,公厘,gung1 lei4
,阿多尼斯,aa3 do1 nei4 si1
,廣昌縣,gwong2 coeng1 jyun6