0,1
aa1 lou2 seot1,"['鴉佬恤', '鴉路恤']"
aa1 wu4 po1,"['鴉烏婆', '丫烏婆']"
aa3 gau2 aa3 maau1,"['亞狗亞貓', '阿狗阿貓']"
aa3 laai1,"['阿孻', '亞孻']"
aa3 maa4,"['亞嬤', '亞嫲', '阿嫲']"
aa3 po4 gai3,"['阿婆髻', '亞婆髻']"
aa3 si1 pat1 lam4,"['阿斯匹林', '阿司匹林']"
aa3 zi1 aa3 zo1,"['阿支阿左', '阿支阿坐']"
aai1 aai1 bang6 bang6,"['挨挨凭凭', '挨挨憑憑']"
aai1 peng1 ji2,"['挨憑椅', '挨𩩍椅']"
aap3 zeoi2 lei2,"['鴨嘴梨', '鴨咀梨']"
aau3 haam6,"['拗陷', '坳陷']"
aau3 hei3,"['詏氣', '拗氣']"
ai2 dang3 zai2,"['矮凳仔', '矮櫈仔']"
ai2 dat1 dat1,"['矮𠱂𠱂', '矮腯腯', '矮凸凸']"
am3 soeng1,"['暗傷', '暗箱']"
ap1 zap1,"['醃臢', '罨汁']"
baa1 zaa1,"['巴揸', '巴喳']"
baa2 zi2,"['靶子', '靶紙']"
baai3 sau6,"['拜壽', '拜夀']"
baak3 fai3 keoi1 hing1,"['百廢俱興', '百廢具興']"
baak6 laap6,"['白鑞', '白蠟', '白臘', '白鱲']"
baak6 zaa3,"['白蚱', '白咋']"
baak6 zaam2 gai1,"['白斬雞', '白斬鷄']"
baan2 zi2,"['扳子', '板子']"
baau1 ji1,"['胞衣', '包衣']"
baau1 zin2 ceoi4,"['包剪搥', '包剪𢱕']"
baau3 caak3 gou1,"['爆㿭膏', '爆坼膏', '爆拆膏']"
baau3 maa5 laam2,"['爆馬欖', '爆馬纜', '爆馬檻']"
bai6 laa3,"['弊喇', '𡃇喇']"
bang1 saa1,"['𧌇䖢', '崩沙', '崩砂', '崩紗']"
bat1 faan6,"['𢳂飯', '筆飯']"
bat1 gei1,"['嗶嘰', '不覊']"
bat1 lau1,"['不遱', '不摟']"
bat1 tong1,"['𢴩湯', '𢳂湯', '潷湯']"
bat1 wai5,"['不韙', '不諱']"
be1 ling2,"['啤玲', '啤呤']"
bei2 gaa3,"['比價', '畀㗎']"
bei2 gwai2 zaak3,"['畀鬼責', '畀鬼磧', '畀鬼笮', '畀鬼矺']"
bei2 laa3,"['肶罅', '髀罅']"
bei2 sau2 waak6 goek3,"['比手劃腳', '比手畫腳']"
bei3 fong1,"['祕方', '袐方']"
beng6 jim1 jim1,"['病懨懨', '病厭厭']"
beng6 lik6 kaat1,"['病歷卡', '病歷咭']"
bi1 li1 baa1 laa1,"['啤哩叭啦', '嗶哩叭啦']"
bik1 gip6,"['逼夾', '逼挾']"
bik1 sat1,"['壁蝨', '壁虱']"
bin2 dau2,"['稨豆', '藊豆']"
bin6 bei3,"['便祕', '便秘']"
bin6 ci4,"['辯辭', '便池']"
bin6 ming4,"['辯明', '辨明']"
bing4 bing4 baang4 baang4,"['𠹶𠹶嘭嘭', '乒乒嘭嘭']"
bing4 ling1 baang4 laang4,"['乒鈴𠾴唥', '𠹶呤𠾴唥', '乒鈴嘭唥', '砰呤嘭唥', '砰呤𠾴唥']"
bit1 leot6,"['觱慄', '觱篥']"
biu1 gon1,"['標竿', '標杆']"
biu1 hon6,"['飆汗', '滮汗']"
biu1 zi3 wai2,"['標誌位', '標識位']"
biu2 bui3,"['裱背', '裱褙']"
biu2 zat6,"['表侄', '表姪']"
bo1 seot1,"['波恤', '波裇']"
bo1 tou4 leon4 leon4,"['波濤粼粼', '波濤磷磷']"
bo1 zyu1,"['玻珠', '波珠']"
bok1 bok1 ceoi3,"['㩧㩧脆', '卜卜脆']"
bok1 bok1 zaai1,"['㩧㩧齋', '卜卜齋']"
bok1 can1,"['扑親', '㩧親']"
bok1 lok6 heoi3,"['㩧落去', '扑落去']"
bok1 lok6 lai4,"['扑落嚟', '㩧落嚟']"
bok1 sap1,"['扑溼', '㩧溼']"
bok1 tau4 dong2,"['㩧頭黨', '卜頭黨']"
bok3 dou6,"['駁艔', '博導']"
bok3 haa5 coi2,"['搏下彩', '博下彩']"
bok3 sau2,"['搏手', '博手']"
bok3 zaat3,"['摶紮', '搏紮']"
bok3 zeoi2 bok3 sit6,"['駁咀駁舌', '駁嘴駁舌']"
bok6 caang1,"['薄𦉘', '薄鐺', '薄罉']"
bok6 zi2,"['雹子', '薄紙']"
bou1 taai1,"['褒呔', '煲𧘹']"
bou2 kyut3 sap6 wai4,"['補缺拾遺', '補闕拾遺']"
bou2 mou5,"['褓姆', '褓母']"
bou2 sap1,"['保溼', '補溼']"
bou2 taai1,"['補呔', '保呔', '補軚']"
bou3 zoeng3,"['布帳', '報帳', '報賬']"
bou6 dau3,"['菢竇', '哺竇']"
bun3 lang1 kang1,"['半踜掯', '半掕掯']"
but1 but1 ce1,"['砵砵車', '呠呠車', '𠼭𠼭車']"
but1 zau2,"['缽酒', '鉢酒']"
caai4 waa1 waa1,"['儕嘩嘩', '柴哇哇']"
caam2 ging2,"['慘景', '慘境']"
caam5 sau2,"['劖手', '巉手']"
caan1 daan2 min6,"['餐蛋麪', '餐蛋面']"
caang1 gon1 tiu3 gou1,"['撐竿跳高', '撐桿跳高']"
caang3 toi2 goek3,"['𨅝檯腳', '撐檯腳', '撐枱腳', '撐臺腳']"
caang4 gai1,"['掁雞', '傖雞', '棖雞']"
caang4 ngaan5,"['𥊼眼', '掁眼']"
caat3 caan1 baau2,"['擦餐飽', '刷餐飽']"
caau4 mang1 mang1,"['巢𠵼𠵼', '巢掹掹', '皺掹掹']"
caau4 pei4,"['䩌皮', '巢皮']"
caau4 pei4 mang1 gai1,"['䩌皮掹雞', '巢皮掹雞', '皺皮掹雞']"
caau4 saai3 pei4,"['巢晒皮', '䩌晒皮']"
cai1 cai1,"['萋萋', '凄凄']"
cai1 cak1,"['悽惻', '凄惻']"
cai1 cit3,"['淒切', '凄切']"
cai1 loeng4,"['悽涼', '淒涼']"
cai4 cap1 cap1,"['齊葺葺', '齊緝緝']"
cam3 hei3,"['譖氣', '噆氣', '噚氣']"
can1 muk6,"['瞋目', '嗔目', '親睦']"
cat6 gu1 luk1,"['柒軲轆', '柒菇碌', '𨳍咕碌', '柒咕碌']"
cat6 haa5 cat6 haa5,"['𨳍下𨳍下', '柒下柒下']"
cat6 tau4 pei4,"['𨳍頭皮', '柒頭皮']"
cau1 jit3,"['抽噎', '抽咽']"
cau3 bang1 bang1,"['臭烹烹', '臭崩崩']"
cau3 faa1 hai1,"['臭花㞓', '臭花閪']"
cau3 faa3 hai1,"['臭化閪', '臭化㞓']"
cau3 hang1 hang1,"['臭亨亨', '臭𣫒𣫒']"
ce1 daai6 paau3,"['撦大奅', '車大砲']"
ce2 fu3,"['扯褲', '斜褲']"
ce2 haa1,"['扯哈', '扯瘕']"
ce4 lei1 ngaan5,"['斜喱眼', '斜哩眼']"
ceng1 bi1 bi1,"['青啤啤', '青咇咇', '青嗶嗶']"
ceoi1 faa3 zok3 jung6,"['催化作用', '趨化作用']"
ceoi1 hou6,"['崔顥', '吹號']"
ceoi1 m4 zoeng3,"['吹唔脹', '吹唔漲']"
ceot1 lai4 can3,"['出嚟襯', '出嚟趁']"
ceot1 lung4 liu1,"['出龍撩', '出籠溜']"
ci1 ci1 dei2,"['黐黐地', '癡癡哋']"
ci1 ci1 nap6 nap6,"['黐黐𥹉𥹉', '黐黐𣲷𣲷', '黐黐立立']"
ci1 hiu1,"['鴟梟', '鴟鴞']"
ci1 siu3,"['嗤笑', '癡笑']"
ci1 tau4 mong1,"['黐頭芒', '癡頭芒']"
ci1 zung2 zai3,"['黐總掣', '黐總制']"
ci2 mei4,"['侈靡', '侈糜']"
ci3 zo6,"['賜座', '賜坐']"
ci4 cyu4,"['踟躕', '踟躇']"
ci4 mou6,"['祠墓', '馳鶩']"
ci4 zou2,"['辭藻', '詞藻']"
cik1 hei2 tiu4 gan1,"['摵起條筋', '嘁起條筋']"
cim4 ceot1 lai4,"['撏出嚟', '撍出嚟']"
cin2 soeng4 ze2,"['淺嚐者', '淺嘗者']"
cin2 soeng4 zip3 zi2,"['淺嘗輒止', '淺嚐輒止']"
cin4 sai3 m4 sau1,"['前世唔修', '前世唔收']"
cin4 si1 hau6 soeng2,"['前思后想', '前思後想']"
cing1 hung4 bong1,"['青紅幫', '清紅幫']"
cing3 to4,"['秤坨', '秤砣']"
cing4 cing4 taap3 taap3,"['埕埕塔塔', '埕埕䍇䍇', '情情塌塌']"
cing4 jat1 ging2 baak3,"['懲一警百', '懲一儆百']"
cing4 zeoi6 jyun4,"['程序猿', '程序員']"
co1 jyun4 gam6 bin2,"['搓圓㩒扁', '搓圓撳扁']"
co1 lai4 bou6 dou3,"['初嚟甫到', '初嚟埗到', '初嚟暴到', '初嚟步到']"
co5 mou4 jing2 dang3,"['坐無影凳', '坐無影櫈']"
coek3 gin3,"['灼見', '卓見']"
coeng1 saan1,"['槍栓', '槍閂']"
coeng3 cin2,"['暢錢', '唱錢']"
coeng3 jin4,"['倡言', '暢然']"
coeng4 laai4 laai4,"['長賴賴', '長䧒䧒']"
coeng4 sat6,"['翔實', '詳實']"
coeng4 tung2 hoe1,"['長統靴', '長筒靴']"
coeng4 tung2 mat6,"['長統襪', '長筒襪']"
cok3 joeng2,"['剒樣', '戳樣']"
cong1 wong4,"['蒼惶', '蒼黃', '倉惶']"
cong4 pou1 pei5 zek6,"['牀鋪被席', '牀鋪被蓆']"
cou1 lai6,"['粗糲', '粗厲']"
cou2 pei1,"['草披', '草被']"
cou2 zin3,"['草薦', '草墊']"
cuk1 guk1,"['蹴鞠', '蹴踘', '蹴鞫']"
cuk1 haap6,"['束狹', '促狹']"
cung1 dou2,"['葱度', '蔥度']"
cung1 zik6 kaat1,"['充值卡', '充值咭']"
cung5 dap6 dap6,"['重𢱕𢱕', '重揼揼', '重耷耷']"
cyu5 cong4 sat1,"['儲藏室', '貯藏室']"
cyun3 gwo3 maa5 lan2,"['串過馬撚', '寸過馬撚']"
cyun3 hau2,"['串口', '寸口']"
cyun4 bou3,"['傳報', '傳布']"
cyun4 jau1,"['全優', '全休']"
cyun4 zi2,"['傳旨', '椽子']"
daa2 cau1 fung1,"['打抽豐', '打抽風', '打秋風', '打秋豐']"
daa2 cin1 cau1,"['打千秋', '打韆鞦']"
daa2 hin3,"['打𩝡', '打䭤']"
daa2 lit3,"['打纈', '打綟']"
daa2 lung4 tung1,"['打聾通', '打籠通']"
daa2 ngau1,"['打勾', '打鉤']"
daa2 si1 ik1,"['打司肊', '打思噎', '打思肊']"
daa2 wan6,"['打諢', '打混']"
daa2 wok6 gam1,"['打鑊甘', '打鑊金']"
daai6 din1 daai6 fai3,"['大癲大䛍', '大癲大廢']"
daai6 gau6 seoi1,"['大舊衰', '大䊆衰', '大嚿衰']"
daai6 jan4 daai6 ze2,"['大人大者', '大人大姐']"
daai6 jau5 ging3 ting4,"['大有逕庭', '大有徑庭']"
daai6 luk1 muk6,"['大轆木', '大碌木']"
daai6 luk1 zuk1,"['大轆竹', '大碌竹']"
daai6 mou4 si1 joeng6,"['大無私樣', '大模屍樣']"
daai6 on1 zi2 ji3,"['大安指意', '大安指擬']"
daai6 saai1,"['大㗰', '大嘥']"
daai6 se4 o1 niu6,"['大蛇屙尿', '大蛇痾尿']"
daai6 tou5 dam1,"['大肚髧', '大肚䏙']"
daai6 zek3 leoi4 leoi4,"['大隻𡚗𡚗', '大隻累累', '大隻纍纍']"
daam1 daai3,"['擔戴', '擔帶']"
daam1 daam1 toi4 toi4,"['擔擔擡擡', '担担擡擡']"
daam1 gou1 tau4,"['擔高頭', '耽高頭']"
daam1 tin1 mong6 dei6,"['頕天望地', '耽天望地']"
daam6 ding6,"['倓定', '淡定']"
daan1 zi2,"['單子', '單衹']"
daan5 ji1 fuk6,"['撣衣服', '撢衣服']"
daap3 bin6,"['答辨', '搭便']"
daap3 bok3,"['搭膊', '褡膊']"
daap3 lei5,"['搭理', '答理']"
daap3 saan3,"['搭赸', '答訕']"
daat3 lok6 cong4,"['𢴈落牀', '笪落牀']"
daat3 lok6 lai4,"['𢴈落嚟', '笪落嚟']"
daat3 sei2,"['𢴈死', '笪死']"
dai2 gwat1,"['骶骨', '底骨']"
dak1 cik1,"['得敕', '嘚嘁']"
dak1 ji3 ceoi3 zi3,"['得意趣致', '得意趣緻']"
dam1 dam1 haa5,"['揼揼下', '耽耽下', '泵泵下']"
dam1 si4 gaan3,"['抌時間', '耽時間', '泵時間']"
dam2 sam1 dam2 fai3,"['抌心抌肺', '揼心揼肺']"
dam2 zo2,"['抌咗', '揼咗']"
dam3 bo1 zung1,"['𨂽波鐘', '泵波鐘']"
dam4 dam4 kwaak1,"['揼揼𡃈', '氹氹框', '氹氹𡃈']"
dam6 goek3,"['䂿腳', '𨂽腳']"
dan6 dung1 gu1,"['炖冬菇', '燉冬菰']"
dang1 sam1 cou2,"['燈芯草', '燈心草']"
dang6 faan1 wan4,"['戥返勻', '戥番勻', '戥翻勻']"
dap6 gwat1,"['䂿骨', '𢱕骨']"
dap6 sap1,"['揼溼', '𢱕溼']"
dau2 ling2 dou1 mou5,"['斗零都冇', '斗令都冇']"
dau3 lek1,"['鬥叻', '鬥𥌮']"
dau6 fu6 jeon2,"['豆腐膶', '豆腐潤']"
dau6 kau3 nin4 waa4,"['豆寇年華', '荳蔻年華', '豆蔻年華']"
dau6 lai6 si6,"['𢭃利事', '逗利是']"
dei6 lou4,"['地廬', '地爐']"
di1 daa2 lou2,"['啲打佬', '啲咑佬']"
dik1 sik1,"['菂薂', '菂式']"
din6 gon1,"['電杆', '電桿']"
din6 sin3 gaau1 zi2,"['電線膠紙', '電綫膠紙']"
din6 tong3 dau2,"['電燙斗', '電熨斗']"
ding1 ding1 dam3 dam3,"['叮叮揼揼', '叮叮髧髧']"
ding1 ling4,"['玎玲', '叮鈴']"
ding2 gwaa1 gwaa1,"['頂瓜瓜', '鼎呱呱']"
ding2 laa3,"['定喇', '頂喇']"
ding6 jin4,"['定然', '定賢']"
ding6 saai3 jing4,"['定晒形', '定晒型']"
dip6 dip6,"['蹀蹀', '喋喋']"
dit3 gaau1,"['跌交', '跌跤']"
diu1 kiu4 nau2 ning6,"['刁僑扭擰', '刁喬扭擰']"
diu1 lok6,"['凋落', '雕落']"
diu2 cat6,"['𨳒𨳍', '屌𨳍']"
diu2 nei5 lou5 mei2,"['屌你老尾', '屌你鹵味', '𨳒你老味', '屌你滷味']"
diu3 hei2 lai4 maai6,"['吊起嚟賣', '弔起嚟賣']"
diu3 nai4 maang1,"['釣泥鯭', '吊泥鯭']"
diu3 ngau1,"['吊鉤', '釣鉤']"
diu3 saa1 bou1,"['吊砂煲', '吊沙煲']"
diu3 wai6 hau2,"['吊胃口', '弔胃口']"
diu6 zyun3 lai4,"['調轉嚟', '掉轉嚟']"
dong1 long1,"['噹啷', '當啷']"
dou2 lung6,"['搗弄', '倒弄']"
dou2 sau2,"['倒手', '倒藪']"
dou2 zoeng3,"['倒帳', '倒賬']"
dou2 zou3,"['倒竈', '倒灶']"
dou3 diu3 saa1 bou1,"['倒吊沙煲', '倒吊砂煲']"
dou3 kap6 ngaa4,"['倒及牙', '倒𠶲牙']"
duk1 bui3 zek3,"['㧻背脊', '剢背脊']"
duk1 duk1 ce1,"['篤篤車', '㞘㞘車']"
duk1 ngaan5 duk1 bei6,"['㧻眼㧻鼻', '厾眼厾鼻']"
dung6 duk1 kei5,"['戙篤企', '戙㞘徛', '戙厾企', '戙督企']"
dung6 hei2 cong4 baan2,"['㢥起牀板', '戙起牀板', '戙起牀版']"
faa1 leng1 zai2,"['花靚仔', '花𡃁仔']"
faa1 li1 faa1 luk1,"['花呢花碌', '花哩花碌']"
faan1 cam4 mei6,"['返尋味', '翻尋味']"
faan1 fung1 lok6 jyu5,"['翻風落雨', '返風落雨']"
faan1 gan1 dau2,"['翻跟斗', '翻筋斗']"
faan1 jin4 fui3 ng6,"['翻然悔悟', '幡然悔悟']"
faan1 tau4 po2,"['返頭婆', '翻頭婆']"
faan4 jung2,"['煩冗', '繁冗']"
faan4 lyun6,"['繁亂', '煩亂']"
faan6 zung3 zang1,"['犯衆僧', '犯衆憎']"
faat3 co3 zo2,"['發錯咗', '發錯左']"
faat3 gai1 maang4,"['發雞盲', '發鷄盲']"
faat3 gwo3 zyu1 tai4,"['發過豬啼', '發過豬蹄']"
faat3 haau4 faat3 dan3,"['發姣發扽', '發姣發燉']"
faat3 jyu5 ci4,"['發語辭', '發語詞']"
faat3 kwan3,"['發窘', '發睏']"
faat3 maau4,"['發矛', '發媌']"
faat3 mong5,"['髮網', '法網']"
faat3 ngau6 dau6,"['發吽豆', '發吽逗', '發吽竇']"
faat3 saai3 maau4,"['發晒茅', '發晒矛']"
fai3 si6 coi2 nei5,"['廢時啋你', '廢事睬你', '廢事啋你']"
fan1 fung1,"['熏風', '薰風']"
fan1 jip6,"['分頁', '勳業']"
fan1 juk6,"['燻肉', '獯鬻']"
fan1 sou3,"['葷素', '分訴']"
fan2 gwo2,"['粉粿', '粉菓']"
fan3 lai2 geng2,"['瞓捩頸', '瞓戾頸', '睏戾頸']"
fan5 fan5,"['憤憤', '忿忿']"
fat1 fat1,"['魆魆', '忽忽']"
fat1 fat1 dei2,"['忽忽地', '弗弗地']"
fei1 saa1 zau2 naai5,"['飛沙走奶', '飛砂走奶']"
fei4 nam6 nam6,"['肥淰淰', '肥𦛚𦛚']"
fit1 dou3 lau6 jau2,"['𢞵到漏油', '𢝵到漏油']"
fo2 jim6 syut3 gou1,"['火燄雪糕', '火焰雪糕']"
fong1 caak3,"['方策', '方冊']"
fong3 dong6 bat1 gei1,"['放蕩不覊', '放蕩不羈']"
fu2 geoi3 lung4 pun4,"['虎踞龍蟠', '虎踞龍盤']"
fu2 hau2 fu2 min6,"['苦口苦麪', '虎口虎面']"
fu6 luk1 lan2,"['符轆撚', '負碌撚', '符碌撚']"
fuk1 coek3,"['覆灼', '覆卓']"
fuk1 hat6,"['覆覈', '覆核']"
fuk6 zeoi6,"['服罪', '伏罪']"
fun1 lok6 kaat1,"['歡樂咭', '歡樂卡']"
fung1 naan3,"['風㫱', '風癩', '風赧', '風𧕴']"
fung1 taan2,"['瘋癱', '風癱']"
gaa1 gun1 zeon3 zoek3,"['加官進爵', '加官晉爵']"
gaa1 maa5 se6 sin3,"['伽馬射線', '伽瑪射線']"
gaa1 si1 zaap6 mat6,"['傢俬雜物', '家俬雜物']"
gaa1 ting4 zyu2 fu1,"['家庭主夫', '家庭煮夫']"
gaa4 tau4,"['嘎頭', '㗎頭']"
gaai2 lit3,"['解綟', '解纈']"
gaai3 bo1 doi2,"['𠝹波袋', '鎅波袋']"
gaai3 dang3,"['𠝹櫈', '鎅凳', '𠝹凳']"
gaai3 dau6 fu6,"['鎅豆腐', '𠝹豆腐']"
gaai3 hai6 ci4,"['介係詞', '介繫詞']"
gaai3 zi2,"['鎅紙', '戒指']"
gaak3 lei4 baan1,"['隔籬班', '隔離班']"
gaak3 lei4 leon4 se3,"['隔離鄰舍', '隔籬隣舎']"
gaam1 jan4 laai5 hau6,"['監人賴厚', '監人勑厚', '監人賴逅']"
gaam3 caat3,"['鑑察', '鑒察']"
gaam3 ding6 jan4,"['鑑定人', '鑒定人']"
gaam3 gaai3,"['鑒戒', '鑑戒']"
gaan2 lin6,"['簡練', '簡煉']"
gaan2 seoi2 zung2,"['梘水粽', '鹼水糉', '梘水糭', '梘水糉']"
gaan2 tip3,"['柬帖', '簡帖']"
gaap3 cin2,"['敆錢', '合錢']"
gaap3 cin2 sung3 lai5,"['敆錢送禮', '合錢送禮']"
gaap3 fan2,"['合份', '佮份']"
gaap3 fan6 sung3 lai5,"['敆份送禮', '佮份送禮']"
gaap3 gai2,"['敆計', '佮計']"
gaap3 gwaai2,"['蛤枴', '蛤𧊅']"
gaap3 sau2 gaap3 goek3,"['敆手敆脚', '合手合脚']"
gaau2 coeng4 saa1,"['絞腸痧', '攪腸痧']"
gaau2 dou1,"['絞刀', '鉸刀']"
gaau2 gaau2,"['皎皎', '佼佼']"
gaau2 jat1 gaau2,"['攪一攪', '搞一搞']"
gaau2 mat1 gwai2 aa3,"['搞乜鬼呀', '攪乜鬼呀', '搞乜鬼啊']"
gaau2 nei1 gaau2 lou3,"['攪呢攪嚕', '搞呢搞嚕']"
gaau2 si2 gaau2 gwan3,"['搞屎搞棍', '攪屎攪棍']"
gaau2 si2 gwan3,"['搞屎棍', '攪屎棍']"
gaau2 to5 saai3,"['攪妥晒', '搞妥晒']"
gaau2 wo5,"['攪喎', '攪堝', '攪禍', '搞腡']"
gaau2 zeng3,"['攪正', '搞正']"
gaau3 mei6,"['較味', '校味']"
gai1 bei2 ceoi4,"['雞髀鎚', '雞肶鎚', '雞脾鎚']"
gai1 bei2 gu1,"['雞脾菇', '雞肶菇']"
gai1 bei2 wai2,"['雞髀位', '雞肶位', '雞脾位']"
gai1 ceon1 zi1,"['雞春子', '雞春孳']"
gai1 kang2 geng2,"['雞鯁頸', '雞骾頸', '雞哽頸']"
gai1 mei5,"['雞尾', '鷄尾']"
gam1 bo1 lo1,"['金笸籮', '金波囉']"
gam1 zau1,"['甘州', '今週']"
gam2 dou1 dak1,"['噉都得', '噉都嘚']"
gam2 fan5,"['感憤', '感奮']"
gam6 deng1,"['撳釘', '㩒釘']"
gam6 zyu6 tau4,"['㩒住頭', '撳住頭']"
gang1 lai4 ham4 cau3,"['羹藜含糗', '羹藜唅糗']"
gang2 jit3,"['梗咽', '哽噎']"
gat1 soeng1,"['㓤傷', '拮傷']"
gat6 goek3,"['趷腳', '趌腳']"
gau2 wong4,"['狗王', '韮黃']"
gei1 wat6,"['磯鷸', '姬鷸']"
gei1 zi2,"['蟣子', '機子']"
geng2 hau4 nau2,"['頸喉鈕', '頸喉紐']"
geng6 sek3,"['儆惜', '擏惜']"
geng6 zyu6,"['儆住', '擏住']"
geoi3 dau6,"['句逗', '句讀']"
geoi6 je5,"['巨野', '巨嘢']"
gik1 ceoi4,"['擊錘', '擊鎚']"
gik1 goek3,"['棘腳', '撠腳']"
gik1 hing3,"['激㷫', '激焮']"
gik1 zoeng3 faat3,"['激脹法', '激漲法']"
ging1 gaai3,"['驚戒', '荊芥']"
ging3 ci4,"['敬詞', '敬辭']"
ging3 hoeng3,"['徑向', '逕向']"
ging3 ting4,"['逕庭', '徑庭']"
git3 fo2,"['結夥', '結伙']"
git3 lei4,"['結褵', '結縭']"
git6 dat1 dat1,"['傑凸凸', '傑𠱂𠱂']"
git6 je5,"['𠹳嘢', '傑嘢', '竭嘢', '渴嘢']"
git6 taat6 taat6,"['杰撻撻', '傑撻撻']"
giu1 ce1 jam4 jat6,"['驕奢淫逸', '驕奢淫佚']"
giu6 coeng4 goek3,"['撬墻腳', '撬長腳']"
go2 ceot1,"['嗰齣', '嗰出']"
go2 zam6 ceoi4,"['嗰朕𡃴', '嗰朕除']"
goe1 gaa4 bing1,"['啹嘎兵', '踞喀兵']"
goe3 gai1,"['鋸雞', '鋸鷄']"
goek3 gwaa1 nong1,"['腳瓜瓤', '腳瓜囊']"
goek3 zi2 laa3,"['脚趾罅', '腳趾罅']"
gok3 si1 gok3 faat3,"['各施各法', '各司各法']"
gon1 kang2,"['乾哽', '乾骾']"
gon1 sau3,"['乾瘦', '乾嗽']"
gon1 zi2,"['桿子', '杆子', '竿子']"
gong1 dou6,"['剛度', '茳芏']"
gong1 jiu4 cyu5,"['江珧柱', '江瑤柱']"
gong2 zaap6,"['講習', '港閘']"
gong3 zeoi6,"['降罪', '降序']"
gu2 suk1,"['古肅', '古縮']"
gu2 wun2 pou2,"['古玩舖', '古玩鋪']"
gu3 gei6 cung4 jin2,"['故伎重演', '故技重演']"
gu3 jyun4,"['雇員', '顧員']"
gui6 dou3 sei2,"['癐到死', '攰到死']"
gui6 laai4 laai4,"['攰癩癩', '癐拉拉', '癐癩癩']"
guk1 hei3,"['唂氣', '局氣']"
guk6 can1,"['焗親', '焗嚫']"
gun1 zi2,"['官子', '觀止']"
gung1 lei4,"['公釐', '公厘']"
gung1 zi6 jing4,"['工字型', '工字形']"
gung1 zong6,"['弓狀', '供狀']"
gwaa1 gwaa1 cou4,"['呱呱嘈', '瓜瓜嘈']"
gwai1 cing4,"['歸程', '閨情']"
gwai2 gai3 do1 dyun1,"['鬼計多端', '詭計多端']"
gwai2 ling4 cing3,"['鬼跉䟓', '鬼零秤']"
gwai6 tung2,"['柜筒', '櫃筒']"
gwan2 gaau2 saai3,"['滾攪晒', '滾搞晒']"
gwat1 caam5 caam5,"['骨㔆㔆', '骨巉巉', '骨劖劖']"
gwo3 saan1 fung1,"['過山風', '過山峯']"
gwong1 am3 zai3,"['光暗制', '光暗掣']"
gwong1 caang4 caang4,"['光棖棖', '光瞪瞪', '光𥋇𥋇', '光掁掁']"
gyun1 fu3 long6,"['捐褲浪', '捐褲襠']"
gyun1 lung1 gyun1 laa3,"['蜎窿蜎罅', '狷窿狷罅']"
gyun1 saan1 lung1,"['捐山㝫', '捐山窿', '蜎山窿']"
gyun2 cang4 wan4,"['卷層雲', '捲層雲']"
gyun2 cek3,"['捲尺', '卷尺']"
gyun2 sam1 coi3,"['卷心菜', '捲心菜']"
gyun2 sit3 jyun4 jam1,"['捲舌元音', '卷舌元音']"
haa1 ceon1,"['蝦膥', '蝦春']"
haa1 dak1 zau6 haa1,"['蝦得就蝦', '㗇得就㗇']"
haa1 zi2 min6,"['蝦子麪', '蝦籽麪', '蝦子面']"
haa4 fong1,"['遐荒', '遐方']"
haa6 ngok6,"['下齶', '下嶽']"
haai4 saap6 saap6,"['嚡熠熠', '嚡煠煠', '嚡𤆣𤆣', '嚡霎霎', '嚡烚烚', '嚡澀澀']"
haai5 jim2,"['蟹厴', '蟹掩']"
haak1 ji5 mak6 si1,"['赫耳墨斯', '赫爾墨斯']"
haak1 maa1 maa1,"['黑嘛嘛', '黑孖孖']"
haak1 mi1 mang1,"['黑瞇掹', '黑瞇擝', '黑瞇盟']"
haam4 sap1,"['咸溼', '鹹溼']"
haam4 sap1 je5,"['鹹溼嘢', '咸溼嘢']"
haam4 syun1,"['鹹酸', '咸酸']"
haam4 zin1 beng2,"['鹹煎餅', '咸煎餅']"
haan4 zing6,"['閒靜', '嫺靜']"
haang4 gwo3 lung4,"['行過龍', '行過籠']"
haau4 si1 dan3 duk1,"['姣屍扽督', '姣屍扽㞘']"
hai1 mou4,"['閪毛', '㞓毛']"
hak1 diu1,"['黑鯛', '黑貂']"
hak1 fat1 fat1,"['黑魆魆', '黑忽忽']"
hak1 fu1 fu1,"['黑呼呼', '黑乎乎']"
hak1 gei2 fung6 gung1,"['剋己奉公', '克己奉公']"
hak1 mang1 mang1,"['黑盟盟', '黑掹掹', '黑蜢蜢']"
ham1 taai3 ho2 guk1,"['憨態可掬', '憨態可鞠']"
ham1 zi2,"['憨子', '蚶子']"
ham6 baa6 laang6,"['冚巴唥', '咸巴唥']"
ham6 baang6 laang6,"['冚𠾴唥', '冚呯唥']"
ham6 gaa1 ling1,"['冚家伶', '冚家呤']"
ham6 kau4 caan2,"['冚球鏟', '冚球剷']"
hau2 laap6 sap1,"['口垃溼', '口立溼']"
hau2 nap6 nap6,"['口𣲷𣲷', '口吶吶']"
hau2 seoi2 mei1,"['口水溦', '口水㵟']"
hau2 zat6 zat6,"['口𧫡𧫡', '口疾疾']"
hau4 kam4,"['喉禽', '喉唫', '喉擒']"
hau4 lung4 ding3,"['喉嚨錠', '喉嚨椗']"
hau5 dap6 dap6,"['厚𢱕𢱕', '厚沓沓', '厚叠叠']"
hau6 gaau3,"['候教', '後窖']"
hau6 noeng2,"['後娘', '後孃']"
hau6 zo6 lik6,"['後座力', '後坐力']"
hei1 baak3 loi4 jyu5,"['希伯來語', '希伯萊語']"
hei1 hei1 joeng6 joeng6,"['熙熙壤壤', '熙熙攘攘']"
hek3 leoi5 paa4 ngoi6,"['吃裏爬外', '吃裏扒外']"
heoi1 mou4 piu1 miu5,"['虛無飄眇', '虛無漂渺']"
him1 ci4,"['謙辭', '謙詞']"
hin3 ci4,"['獻詞', '獻辭']"
hing3 gwo3 fo2 si2,"['㷫過火屎', '慶過火屎']"
hing3 hap6 hap6,"['㷫炠炠', '慶烚烚', '㷫合合']"
hing3 zeon6,"['罄盡', '興盡']"
hing4 hing1 ham4 ham4,"['興興冚冚', '慶興含含', '慶慶含含']"
ho1 cik1,"['呵斥', '呵叱', '訶叱', '訶斥']"
ho2 mo2 ji5,"['可摸以', '可摸耳']"
hoe4 hoe2 seng1,"['㗾㗾聲', '噓噓聲', '靴靴聲']"
hoeng1 gai1 goek3,"['香笄腳', '香雞腳', '香筓腳']"
hoeng1 lou4 dan2,"['香爐墩', '香爐躉', '香爐𣎴']"
hoi1 faat3 zau1 kei4,"['開發周期', '開發週期']"
hon4 soek3,"['寒𣸛', '寒削']"
hon6 zik1,"['汗漬', '汗跡']"
hong3 min6 baau1,"['烘麪包', '炕麪包']"
hung1 hung1 dong6 dong6,"['空空蕩蕩', '空空盪盪']"
hung1 juk6,"['焢肉', '胸肉']"
hung1 sam1 lou5 gun1,"['空心老棺', '空心老官']"
hung1 seon3,"['兇訊', '凶信']"
hung4 bok1 bok1,"['紅扑扑', '紅㩧㩧']"
hung4 dong1 dong6,"['紅當當', '紅當蕩']"
hung4 jing1 coeng1,"['紅纓槍', '紅櫻槍']"
jaak3 ke1,"['喫茄', '喫𡲢', '吔茄']"
jaap3 gou1 fu3 goek3,"['押高褲腳', '擪高褲腳']"
jam1 jyut6,"['陰穴', '陰月']"
jam1 zat1 si6,"['陰騭事', '陰質事']"
jam2 goeng1 zau2,"['飲薑酒', '飲姜酒']"
jan4 gaap3 jan4 jyun4,"['人夾人緣', '人敆人緣']"
jan4 sam1 juk6 zou6,"['人心肉做', '人心肉造']"
jap1 jap1 joeng2 joeng2,"['揖揖揚揚', '泣泣揚揚']"
jat1 bat1 mut3 saat3,"['一筆抹殺', '一筆抹煞']"
jat1 cau1 jat1 lang3,"['一抽一掕', '一搊一掕']"
jat1 cau1 ji6 lang3,"['一抽二掕', '一搊二掕']"
jat1 cau1 ji6 nang3,"['一抽二褦', '一搊二褦']"
jat1 daai6 daap6,"['一大疊', '一大沓']"
jat1 gau6 wan4,"['一嚿云', '一舊雲']"
jat1 jyu1 m4 zai3,"['一於唔制', '一於唔䎺']"
jat1 ngaam4 jat1 fat1,"['一岩一窟', '一巖一窟']"
jat1 pek6 nai4,"['一擗泥', '一劈泥']"
jat1 puk1 jat1 luk1,"['一仆一趢', '一仆一轆', '一僕一碌']"
jat1 sik1 gaan1,"['一適間', '一息間']"
jat6 can4,"['軼塵', '逸塵']"
jat6 dong6,"['逸蕩', '逸宕']"
jat6 ngo4 je6 ngo4,"['日鵝夜鵝', '日哦夜哦', '日𠹷夜𠹷', '日訛夜訛']"
jau1 fu3,"['拞褲', '揄褲']"
jau1 zoi1 jau4 zoi1,"['悠哉悠哉', '優哉遊哉', '悠哉遊哉', '優哉悠哉']"
jau4 gau3,"['油垢', '尤詬']"
jau4 jik1 ceoi4,"['油膉𡃴', '油膉除']"
jau4 jin4,"['猶言', '油然', '蚰蜒']"
jau4 ngaan4 sik1,"['髹顏色', '油顔色']"
jau5 dak1 maan1,"['有得𢺳', '有得摱']"
jau5 hai1 jung6,"['有㞓用', '有閪用']"
jau5 lo1,"['有囉', '有籮']"
jau5 naa1 nang3,"['有挐褦', '有𠸎褦']"
jau5 paai4 sau6,"['有排受', '有牌受']"
je4 jung4,"['椰蓉', '椰茸']"
je5 maai4,"['惹埋', '嘢埋']"
je5 maai4 ngo5,"['惹埋我', '嘢埋我']"
je6 gwong1 biu1,"['夜光表', '夜光錶']"
ji1 bin1,"['依邊', '衣邊']"
ji1 bin6,"['咿便', '依便']"
ji1 go3,"['咿個', '衣個']"
ji1 jaau1,"['咿呦', '咿㕭']"
ji1 jap1,"['咿唈', '咿挹', '伊挹', '依揖', '依挹', '咿邑']"
ji1 ji1 jap1 jap1,"['咿咿挹挹', '咿咿咠咠']"
ji1 ji1 juk1 juk1,"['依依郁郁', '咿咿喐喐']"
ji1 juk1,"['咿郁', '咿喐']"
ji1 ngaa4 sung1 gong3,"['依牙鬆槓', '依牙鬆䚗']"
ji1 zan6 si4,"['咿陣時', '咿陣']"
ji2 bang6,"['倚凭', '倚憑']"
ji4 ji1 ngo4 ngo4,"['咿咿𠹷𠹷', '咦咿𠹷𠹷', '咦咿哦哦', '𠲖𠲖哦哦']"
ji5 zai2 lung1,"['耳仔窿', '耳仔竉']"
ji6 sam1,"['貳心', '二心']"
jik6 mun4,"['掖門', '易門']"
jik6 sou3,"['逆溯', '逆數']"
jik6 zyu3,"['譯著', '譯註', '譯注']"
jim1 mun6,"['奄悶', '腌悶']"
jim1 zim1,"['醃尖', '淹尖']"
jim1 zim1 seng1 mun6,"['奄尖聲悶', '腌尖腥悶', '腌尖聲悶', '㤿憸腥悶', '淹尖聲悶', '醃臢腥悶', '醃尖聲悶']"
jim4 lou5,"['鹽鹵', '鹽滷']"
jin1 si2,"['菸屎', '煙士', '煙屎']"
jin4 ngoi6 zi1 ji3,"['言外之意', '弦外之意']"
jing4 fo2,"['螢火', '迎火']"
jing4 hyut3 mui4,"['凝血酶', '凝血脢']"
jing4 jik6,"['形譯', '凝液']"
jing4 kau4,"['刑求', '營求']"
jing4 lin6,"['凝練', '凝煉']"
jing4 mau4,"['營謀', '凝眸']"
jing4 toi4,"['瀛臺', '邢臺']"
jit3 zyu6,"['嚥住', '噎住']"
jit6 fu1 fu1,"['熱呼呼', '熱乎乎']"
jiu4 ham6,"['搖撼', '搖憾']"
joek3 hon6 jat1 syu1,"['約翰壹書', '約翰一書']"
joek3 hon6 ji6 syu1,"['約翰二書', '約翰貳書']"
joeng4 coi3,"['洋菜', '揚菜']"
joeng4 tou4,"['羊桃', '陽桃']"
joeng5 gaa1 wu4 hau2,"['養家糊口', '養家餬口']"
juk1 can1,"['喐親', '郁親']"
juk1 juk1 gung3,"['喐喐𫋐', '喐喐貢', '郁郁貢', '郁郁愩']"
juk1 mat1 juk1,"['喐乜喐', '郁乜郁']"
jung2 ci4,"['冗詞', '冗辭']"
jung2 mung4,"['暡曚', '瞈矇']"
jung4 jung4,"['喁喁', '熔融', '茸茸']"
jung4 jung4 laan6 laan6,"['茸茸爛爛', '融融爛爛', '蓉蓉爛爛']"
jung4 lou4,"['鎔爐', '融爐']"
jung4 mui4 tai2,"['溶脢體', '溶酶體']"
jung4 ngaam4 lau4,"['熔岩流', '溶岩流']"
jyu4 bok1,"['魚泡', '魚𦢊']"
jyu4 ci3,"['魚刺', '如厠']"
jyu4 faat3 paau3 zai3,"['如法泡製', '如法炮製']"
jyu4 gau2,"['魚笱', '魚狗']"
jyu4 jyut6,"['俞穴', '娛悅']"
jyu4 si1 doi2,"['魚絲袋', '漁絲袋']"
jyu4 si6,"['儒士', '餘氏']"
jyu6 zi2,"['諭旨', '御旨']"
jyun1 tung3,"['㾓痛', '淵痛']"
jyun2 ci4,"['婉辭', '婉詞']"
jyun4 dam4 doe4,"['圓氹朵', '圓揼哚', '圓氹朶']"
jyun4 gu1 luk1,"['圓轂轆', '圓咕碌', '圓軲轆', '圓咕轆']"
jyun4 haam4 sou3,"['圓函數', '原函數']"
jyun4 sam1,"['鉛芯', '玄參']"
jyun4 sam1 bat1,"['鉛芯筆', '原芯筆']"
jyun4 zau1,"['袁州', '原州']"
jyun5 daat3 daat3,"['軟𢴈𢴈', '軟躂躂', '軟笪笪']"
jyun5 jyun4,"['遠緣', '軟鉛']"
jyun5 laai4 laai4,"['軟癩癩', '軟䧒䧒']"
jyut6 zik6,"['越席', '月夕']"
kaa1 caat3,"['喀嚓', '卡嚓']"
kaa1 waa1 ji1,"['卡哇伊', '卡哇依']"
kaa4 kaa2 seng1,"['卡卡聲', '咔咔聲']"
kam1 nam2,"['襟諗', '禁諗']"
kam1 sai2,"['襟使', '禁使']"
kam2 jat1 baa1 zoeng2,"['冚一巴掌', '搇一巴掌']"
kam2 pei5,"['冚被', '搇被']"
kam4 kam4 ceng1 ceng1,"['擒擒青青', '禽禽青青']"
kang2 can1,"['哽嚫', '啃親']"
kau1 lyun6,"['溝亂', '摳亂', '勼亂']"
kau1 maai4,"['勼埋', '溝埋']"
kau4 gon1,"['球竿', '球杆']"
ke4 le4 gwaai2,"['奇離拐', '奇離怪']"
kei4 gon1,"['旗竿', '棋杆']"
kei5 san1 gwai6,"['企身櫃', '企身柜']"
keoi1 beng6,"['祛病', '驅病']"
keoi1 jyu1,"['祛瘀', '祛淤', '拘迂']"
kik1 goek3,"['𠽤腳', '揢腳']"
kik1 hau4,"['棘喉', '揢喉', '𠽤喉']"
kin2 hei2,"['㨴起', '搴起']"
kiu2 hau2,"['繑口', '蹺口']"
kiu2 hau2 caam5 sau2,"['蹺口巉手', '蹺口杉手', '蹺口劖手']"
kiu2 miu6 cyu3,"['蹺妙處', '巧妙處']"
kiu4 sau2,"['喬叟', '翹首']"
koi3 sai3 jing1 hung4,"['蓋世英雄', '丐世英雄']"
kwaa2 zi2,"['褂子', '侉子']"
kwan4 zaap6,"['羣集', '麇集']"
kyut3 zeoi2,"['撅嘴', '噘嘴']"
laa2 hau4 laa2 lei6,"['剌喉剌脷', '揦喉揦脷']"
laa2 maai4,"['𢲡埋', '揦埋']"
laa2 maai4 hau2 min6,"['𢲡埋口面', '揦埋口面']"
laa2 sai1,"['揦茜', '揦篩', '揦西']"
laa4 laa4 lam4,"['啦啦林', '喇喇臨']"
laa5 zaa2 min6,"['揦鮓麪', '藞䕢麪']"
laai1 mei1,"['孻尾', '孻屘']"
laai1 zai3,"['拉掣', '拉制']"
laai2 haai4 dai2,"['𦧺鞋底', '舐鞋底']"
laai2 hai1 zai2,"['舐閪仔', '𦧺閪仔']"
laai2 je5,"['𦧺嘢', '舐嘢']"
laai2 si2 fat1,"['舐屎𦜇', '𦧺屎窟', '舐屎窟']"
laai2 taat1,"['𦧺撻', '舐撻']"
laai6 niu6 haa1,"['賴尿蝦', '拉尿蝦', '攋尿蝦']"
laan2 dak1 cik1,"['讕得戚', '懶得戚', '懶得敕', '讕得敕']"
laan2 fut3 lou2,"['懶闊佬', '讕闊佬']"
laan2 gaa3 sai3,"['懶架勢', '讕架勢']"
laan2 jau5 bou2,"['讕有寶', '懶有寶']"
laan2 jau5 je5,"['懶有嘢', '讕有嘢']"
laan2 lek1,"['讕𥌮', '讕叻']"
laan2 sing2,"['讕醒', '讕惺']"
laan6 daat3 daat3,"['爛躂躂', '爛笪笪']"
laan6 jung4 jung4,"['爛融融', '爛溶溶', '爛茸茸', '爛蓉蓉']"
laap3 gaa3 caang1,"['立架撐', '擸架撐', '擸架生']"
laap3 laap3 ling3,"['立立靚', '擸擸令', '臘臘呤', '擸擸炩', '爉爉令', '立立呤', '擸擸呤']"
laap3 ngaan5,"['擸眼', '䁽眼', '𥅈眼']"
laap6 laap6 zaap6 zaap6,"['垃垃雜雜', '立立雜雜']"
laap6 mui4,"['臘梅', '蠟梅']"
laap6 saap3 caan2,"['垃圾剷', '垃圾鏟']"
laap6 zaap6,"['垃集', '立雜', '拉雜']"
laap6 zaap6 je5,"['垃集嘢', '立雜嘢']"
laat6 taat3 maau1,"['邋遢貓', '辣撻貓']"
lai2 sau2,"['捩手', '戾手']"
lam4 lam2 seng1,"['淋淋聲', '林林聲']"
lam4 sam2,"['林審', '淋瀋', '淋糝', '林沈']"
lam4 sam2 je5,"['林沈嘢', '林嬸嘢']"
lat1 haa6 paa4,"['甩下巴', '甩下扒', '甩下爬']"
lau1 jau1,"['褸丘', '摟休']"
lau1 jau1 lau5 dau2,"['褸幽僂斗', '褸丘僂侸']"
lau1 zek6,"['褸蓆', '褸席']"
lau3 hau2,"['溜口', '嘍口']"
lau4 bit6,"['留別', '流別']"
lau4 bou3,"['流佈', '流布']"
lau4 kau4 kwan4 dou2,"['琉球羣島', '流球羣島']"
lau4 lei4 long5 dong6,"['流離朗蕩', '流離浪蕩']"
lau4 lo4,"['嘍羅', '僂儸']"
lau4 zi2,"['婁子', '瘤子', '嘍子']"
le2 he3,"['捩棄', '𠻗𠺪', '咧𠺪']"
le5 fe5,"['哩啡', '褦㹃']"
lei4 dang2,"['釐戥', '厘戥']"
lei4 ngau4,"['氂牛', '犛牛']"
lei5 jyu6,"['理喻', '李豫']"
lei6 daap6 lei6,"['利叠利', '利疊利']"
lei6 si6 cin2,"['利市錢', '利事錢']"
leng1 mui1,"['𨈓妹', '僆妹']"
leng1 zai2,"['笭仔', '𨈓仔']"
leoi4 saa1 tong1 jyun2,"['擂沙湯圓', '擂沙湯丸']"
leoi6 jik6,"['濾液', '淚液']"
leon4 seon1,"['輪詢', '磷峋']"
lin2 dai1,"['摙低', '鍊低']"
lin4 zyu3,"['連鑄', '連著']"
ling1 goi3,"['軨蓋', '鈴蓋']"
ling3 laap3 laap3,"['炩擸擸', '令爉爉', '令擸擸', '令立立', '呤立立', '炩立立']"
ling4 geng3,"['棱鏡', '菱鏡']"
ling4 ling4 lam4 lam4,"['零零林林', '凌凌林林']"
ling4 lyun6,"['零亂', '淩亂']"
ling4 ngaa4 lei6 ci2,"['伶牙俐齒', '靈牙利齒']"
ling4 zaap6,"['零雜', '凌雜']"
lo1 li1 lo1 so1,"['囉哩囉嗦', '囉哩囉唆']"
lo4 baak6 zai2,"['蘿蔔仔', '羅白仔']"
lo4 man4,"['螺紋', '羅紋']"
loeng4 hei3,"['涼氣', '量器']"
loeng5 soeng1 cing4 jyun6,"['兩廂情願', '兩相情願']"
loeng5 tau4 tan4,"['兩頭遯', '兩頭揗']"
loi4 lou2 coi3,"['來佬菜', '來路菜']"
lok1 lok1 seng1,"['𡁆𡁆聲', '咯咯聲']"
lok3 beng2,"['烙餅', '酪餅']"
lok6 co3 gaak3,"['落錯格', '落錯隔']"
lok6 gaak3,"['落膈', '落隔']"
lok6 saai3 jing4,"['落晒形', '落晒型']"
lok6 zo6,"['落坐', '落座']"
long2 hau2,"['哴口', '𠺘口']"
long2 hau2 sai2 min6,"['𠺘口洗面', '哴口洗面', '浪口洗面']"
long2 hau2 zung1,"['𠺘口盅', '哴口盅']"
lou5 ngat6 ngat6,"['老兀兀', '老齧齧', '老嚙嚙', '老扤扤']"
lou5 seoi2 aap2,"['鹵水鴨', '老水鴨']"
luk1 daai6 ngaan5,"['碌大眼', '睩大眼']"
luk1 jan4 cing4 kaat1,"['碌人情咭', '碌人情卡']"
luk6 go3 min6,"['淥個麪', '淥個面']"
lung2 dai2,"['櫳底', '籠底']"
m4 goe4,"['唔𢤹', '唔啹']"
m4 naa1 gaang1,"['唔挐更', '唔𪐀經']"
m4 sai2 fong1,"['唔使慌', '唔使方']"
m4 sai2 zi2 ji3,"['唔使指意', '唔使指擬']"
m4 zai3,"['唔製', '唔䎺']"
m4 zai3 dak1 gwo3,"['唔制得過', '唔䎺得過']"
maa1 ci4 tau4,"['孖池頭', '媽池頭']"
maa4 dau2,"['痲痘', '麻痘']"
maa5 deng1,"['榪釘', '碼釘']"
maan1 gai1,"['摱雞', '𢺳雞', '扳雞']"
maan1 m4 faan1,"['𢺳唔番', '摱唔返', '𢺳唔返']"
maan6 jung6 biu1,"['萬用錶', '萬用表']"
maang1 haa1,"['掹瘕', '掹哈']"
maang1 maang1 gan2,"['綳綳緊', '掹掹緊']"
mai5 zai3,"['米制', '咪䎺', '咪制']"
mak6 dong1 dong1,"['麥當當', '麥噹噹']"
mak6 si2,"['墨屎', '癦屎']"
mak6 zi3,"['墨漬', '默誌']"
man1 naan3,"['蚊𧕴', '蚊赧']"
man1 zi1,"['蚊孳', '蚊螆']"
man1 zi1 gam2 seng1,"['蚊螆噉聲', '蚊滋噉聲']"
man6 haa5 ze1,"['問下啫', '問下嗻']"
mang2 zang2,"['䒐䒏', '䁅𤿆']"
mang4 sak1,"['盟塞', '盲塞']"
mat1 je5 liu2 aa3,"['乜嘢料呀', '乜嘢料啊']"
mat6 zat1 zat1,"['密厔厔', '密窒窒']"
mau1 dan1,"['踎躉', '踎墩']"
me1 lai4 gaa3,"['咩嚟㗎', '咩嚟架']"
mi1 mi1 mo1 mo1,"['咪咪摩摩', '咪咪嚒嚒', '咪咪嚤嚤']"
mi1 mo1,"['咪嚒', '咪嚤', '咪摩']"
min4 naap6,"['棉衲', '綿衲']"
min4 zin1,"['棉氊', '棉墊']"
min6 fei4,"['面肥', '麪肥']"
min6 zyu1 dan1,"['面珠墩', '面珠躉']"
ming4 gaam3,"['明鑑', '明鑒']"
ming4 kam4,"['鳴禽', '鳴琴']"
miu2 zeoi2,"['𠴕咀', '𠴕嘴']"
miu2 zeoi2 miu2 sit6,"['廟嘴廟舌', '𠴕嘴𠴕舌', '妙嘴妙舌']"
miu5 miu5,"['窈窈', '藐藐', '眇眇', '杳渺', '杳杳']"
miu5 mou4 jam1 seon3,"['渺無音信', '杳無音信']"
miu5 siu2,"['藐小', '眇小']"
mo1 lo1 caa1,"['摩羅叉', '摩羅差', '摩囉叉']"
mo1 tau4 mo1 gai3,"['摸頭摸髻', '摩頭摩髻']"
mo4 cyun1 zek6,"['磨穿席', '磨穿蓆']"
mou4 lei4 daap3 saap3,"['冇釐傝𢶍', '冇厘傝𢶍']"
mou4 naa1 naa1,"['無嗱嗱', '無𠸎𠸎', '無𪐀𪐀']"
mou4 san4 san4,"['毛臣臣', '毛神神']"
mou4 se2,"['摹寫', '模寫']"
mou5 daap3 saap3,"['冇傝𠎷', '冇搭颯', '冇搭霎', '冇答颯']"
mou5 dak1 zau2 zaan2,"['冇得走趲', '冇得走盞']"
mou5 di1 naa1 nang3,"['冇啲𠸎褦', '冇啲𪐀褦']"
mou5 gei2 ho2,"['冇幾可', '冇幾何']"
mou5 kiu2,"['冇竅', '冇橋']"
mou5 lai4 zing3 ging1,"['冇厘正經', '冇嚟正經']"
mou5 lei4 daap3 saap3,"['冇厘搭霎', '冇釐搭霎', '冇厘傝𠎷', '冇嚟搭霎']"
mou5 lei4 san4 hei3,"['冇釐神氣', '冇離神氣', '無釐神氣']"
mou5 mei5 fei1 to4,"['冇尾飛陀', '冇尾飛砣', '冇尾飛鉈']"
mou5 naa1 gaang1,"['冇𪐀耕', '冇𠸎耕', '冇𠸎更']"
mou5 naa1 nang3,"['冇𪐀褦', '冇𪐀㨢', '冇𠸎褦', '冇嗱褦']"
mou5 nei5 sau1,"['冇你修', '冇你收']"
mou5 sai3 ngai6,"['冇細藝', '冇世藝']"
mou5 sing3,"['武聖', '武勝']"
mou5 zau2 zaan2,"['冇走盞', '冇走趲']"
mou6 si1,"['慕斯', '耄思']"
mui4 hung4,"['玫紅', '梅紅']"
mung1 mung1 gwong1,"['曚曚光', '蒙蒙光']"
mung4 caa4 caa4,"['蒙查查', '矇査査', '矇茶茶', '矇查查']"
mung4 lung4,"['蒙蘢', '曚曨']"
mung4 zoi6 gu2 leoi5,"['朦在鼓裏', '矇在鼓裏']"
naa1 gaang1,"['𪐀耕', '𪐀經', '𠸎耕']"
naa1 maai4,"['𪐀埋', '𠸎埋']"
naa1 naa1 nang3 nang3,"['𪐀𪐀褦褦', '𠸎𠸎褦褦']"
naa1 nang3,"['𠸎㨢', '𠸎褦', '𢲡𠹌']"
naa2 hau2 naa2 min6,"['嗱口嗱面', '乸口乸面']"
naa2 sai1,"['嗱西', '俹簁']"
naai5 zeoi2 tong2,"['奶嘴糖', '奶咀糖']"
naan4 kang2,"['難骾', '難鯁']"
nam2 zyu6,"['恁住', '惗住']"
nam4 bet6 bet6,"['腍坺坺', '腍癟癟']"
nam4 sin6,"['淰善', '腍善']"
nap1 nap1 dat6 dat6,"['凹凹凸凸', '凹凹突突']"
nap6 sau2 nap6 goek3,"['𥹉手𥹉腳', '𣲷手𣲷腳']"
nei1 daat3,"['呢墶', '呢笪']"
nei4 lung4 daap3 kau3,"['尼龍搭釦', '尼龍搭扣']"
nei6 zi2,"['膩子', '餌子']"
ng5 bat1 zi6 jing4,"['五筆字型', '五筆字形']"
ng5 tung2 gwai6,"['五筒柜', '五桶櫃']"
ng5 zok3,"['忤作', '仵作']"
ng5 zok3 lou2,"['仵作佬', '忤作佬']"
ngaa4 ngaa1 zai2,"['伢伢仔', '牙牙仔']"
ngaa6 deng6,"['𦜖埞', '掗定', '枒碇', '掗埞']"
ngaa6 sau2 ngaa6 goek3,"['枒手枒腳', '掗手掗腳']"
ngaa6 zaa6,"['𧧝𧨊', '𦜖䐱', '掗拃']"
ngaai4 gei1 dai2 ngo6,"['捱飢抵餓', '挨飢抵餓', '捱饑抵餓']"
ngaai4 saang1 ngaai4 sei2,"['挨生挨死', '捱生捱死']"
ngaak1 ngaak1 tam3 tam3,"['呃呃𠱁𠱁', '呃呃𧨾𧨾']"
ngaam1 kiu2,"['啱竅', '啱巧', '啱蹺']"
ngaam4 caam4,"['巖巉', '岩巉']"
ngaam4 ngaam4 caam4 caam4,"['岩岩巉巉', '巖巖巉巉']"
ngaan5 fo2 biu1,"['眼火熛', '眼火標']"
ngaan5 gwat6 gwat6,"['眼𡲬𡲬', '眼𥇣𥇣', '眼掘掘', '眼崛崛']"
ngaan5 jap1 mou1,"['眼揖毛', '眼𥌅毛', '眼挹毛', '眼翕毛']"
ngaan5 jim4,"['眼炎', '眼簷', '眼檐']"
ngaan5 king4 king4,"['眼瓊瓊', '眼瞏瞏']"
ngaan5 luk1 luk1,"['眼睩睩', '眼轆轆', '眼碌碌']"
ngaan5 mei4 tiu4,"['眼眉跳', '眼尾跳', '眼尾條', '眼眉條']"
ngaan5 taan2 taan2,"['眼坦坦', '眼癱癱', '眼痑痑']"
ngaan5 zaam2 zaam2,"['眼斬斬', '眼䁪䁪', '眼眨眨']"
ngaang6 baang1 baang1,"['硬綳綳', '硬崩崩']"
ngaang6 gwaang1 gwaang1,"['硬觥觥', '硬觵觵']"
ngaang6 saai3 taai5,"['硬晒軚', '硬晒舦']"
ngaat6 ngaa2,"['嚙牙', '齧牙']"
ngaau4 lou5 can3,"['熬老襯', '淆老襯']"
ngaau5 hau2 seon4,"['咬口唇', '咬口脣']"
ngai1 ngai1 sai1 sai1,"['噅噅篩篩', '𠼮𠼮篩篩']"
ngam4 cam4,"['吟噆', '唅沈', '吟沉']"
ngan1 niu1 gwai2 meng6,"['奀𩯊鬼命', '奀嫋鬼命']"
ngan1 niu1 niu1,"['奀𩯊𩯊', '奀嫋嫋']"
ngan3 ngan3 goek3,"['䟴䟴腳', '扤扤腳']"
ngat6 dang3,"['杌凳', '兀凳']"
ngat6 jit6,"['兀臬', '兀臲']"
ngau4 lei6 sou1,"['牛脷酥', '牛利酥']"
ngau6 dau6,"['吽豆', '吽竇']"
ngau6 ngau6 dau6 dau6,"['吽吽哣哣', '吽吽逗逗', '吽吽豆豆', '吽吽竇竇']"
ngo4 mei4 jyut2,"['蛾眉月', '鵝眉月']"
ngo6 fu2,"['臥虎', '餓虎']"
ngo6 piu5,"['餓莩', '餓殍']"
ngoi4 zoeng3,"['呆帳', '呆賬']"
ngoi6 bou6 lin4 zip3,"['外部連接', '外部鏈接']"
ngok6 gou1 tau4,"['仰高頭', '鄂高頭']"
nim1 gaau1,"['粘膠', '黏膠']"
nim1 jin4,"['黏涎', '粘涎']"
nim1 kwan2,"['粘菌', '黏菌']"
nim1 wu4,"['黏糊', '粘糊']"
nim1 zoek3 lik6,"['粘着力', '黏着力']"
nip6 pun4,"['涅磐', '涅盤']"
nip6 pun4 ging1,"['涅槃經', '涅盤經']"
noi6 keoi5 m4 ho4,"['奈佢唔何', '耐佢唔何']"
nou5 sing3 maa4 bei3,"['腦性麻痹', '腦性痲痹']"
nou5 zoeng3,"['腦脹', '腦漲']"
o1 aat3 niu6,"['屙餲尿', '屙遏尿']"
o1 cau3 cau3,"['痾臭臭', '屙臭臭']"
o1 go6,"['屙㗻', '娿哿']"
o1 ke1,"['痾茄', '屙𡲢', '痾𡲢']"
o1 laan6 si2,"['痾爛屎', '屙爛屎']"
o1 syu4 syu2,"['痾殊殊', '屙殊殊']"
paa4 lai4,"['爬犁', '扒犁']"
paak3 goeng1 gam3 paak3,"['拍薑咁拍', '拍姜咁拍']"
paan1 lung4 fu6 fung6,"['扳龍附鳳', '攀龍附鳳']"
paau1 saang1 ngau5,"['拋生耦', '拋生藕']"
paau3 laam6,"['炮艦', '砲艦']"
pai1 bo1 lo4 pei4,"['㓟菠蘿皮', '𠜱菠蘿皮']"
pai1 pei4,"['𠜱皮', '㓟皮']"
pan4 lan4,"['頻能', '頻侖', '頻蹸', '頻倫']"
pe1 paai2,"['𠵿牌', '披牌']"
pei1 maa4 daai3 haau3,"['披麻戴孝', '披麻帶孝']"
ping3 baan2,"['拼版', '拼板']"
ping4 jyut6,"['評閱', '平月']"
ping4 kek6,"['評劇', '平劇']"
piu1 jiu4,"['飄搖', '飄颻', '漂搖']"
piu1 joeng4,"['漂洋', '飄洋']"
piu1 miu5,"['飄眇', '漂渺', '飄緲']"
pou1 cong4,"['舗牀', '鋪牀']"
pou2 dou6 zung3 sang1,"['普渡衆生', '普度衆生']"
pou4 daat6,"['菩薘', '蒲達']"
pou4 fuk6,"['袍服', '匍伏']"
pun4 geoi3,"['蟠踞', '蟠據']"
pun4 sek6,"['蟠石', '盆石']"
saa1 bou1 aang1 caang1,"['沙煲罌罉', '砂煲罌𦉘', '沙煲甖罉', '砂煲罌罉']"
saa1 lik1,"['砂礫', '沙礫']"
saa1 pun4,"['沙盆', '砂盆']"
saa1 sat1,"['沙虱', '沙蝨']"
saa1 zi2,"['紗紙', '砂子']"
saai3 maa5,"['矖馬', '曬馬']"
saam1 goek3 dang3,"['三腳櫈', '三腳凳']"
saam1 gu3 maau4 lou4,"['三顧茅廬', '三顧茅蘆']"
saam1 lei5,"['衫裡', '衫裏']"
saam1 ziu1,"['三膲', '三焦']"
saan1 pou3,"['閂舖', '閂鋪']"
saan2 sau1 sau1,"['散颼颼', '散修修']"
saang1 bou2 jan4,"['生暴人', '生保人']"
saang1 cung4 gwaai2 zoeng2,"['生蟲柺杖', '生蟲拐杖']"
saang1 fei1 zi1,"['生飛滋', '生飛螆']"
saang1 zi1 maau1,"['生滋貓', '生螆貓']"
saang1 zik1,"['生積', '生癪']"
saap3 hei3,"['譅氣', '霎氣', '颯氣']"
saap3 ngong6,"['譅戇', '霎戇']"
saap6 haa5 saap6 haa5,"['𤆣下𤆣下', '烚下烚下', '熠下熠下', '霎下霎下', '煠下煠下']"
saap6 suk6 gau2 tau4,"['熠熟狗頭', '煠熟狗頭']"
saat3 zai3,"['煞制', '剎制']"
saat3 zyu6,"['剎住', '煞住']"
sai1 gaak3 maa5,"['西格馬', '西格瑪']"
sai1 joeng4 sam1,"['西洋蔘', '西洋參']"
sai2 ding6 lo1 jau2,"['洗定蘿柚', '洗定籮柚']"
sai2 lim5 pun4,"['洗臉盤', '洗臉盆']"
sak1 dau6 lung1,"['塞豆窿', '塞竇窿']"
sam1 jin4,"['森然', '心弦']"
sam1 juk1 juk1,"['心喐喐', '心㤢㤢']"
sam1 ping1 ping1 tiu3,"['心怦怦跳', '心砰砰跳']"
san1 san1,"['莘莘', '申申']"
san2 san2 dei2,"['臣臣地', '神神地']"
sap1 gau1,"['溼𨳊', '溼鳩']"
sap1 luk6 luk6,"['溼漉漉', '溼淥淥']"
sap1 nam6 nam6,"['溼淰淰', '溼淋淋']"
sap1 nap6 nap6,"['溼立立', '溼𣲷𣲷', '溼湆湆']"
sat1 naa2 ceon1,"['蝨乸春', '虱乸春']"
sau1 kwai1,"['收規', '修規']"
sau1 leng1,"['收靚', '收𡃁', '收僆']"
sau1 toi2,"['收檯', '收枱']"
sau2 zik1,"['手跡', '守職']"
sau6 jyu5,"['授乳', '授與']"
sau6 zoeng2,"['受獎', '授獎']"
se6 lei1 ngaan5,"['射猁眼', '猞猁眼', '猞喱眼', '射厘眼', '射喱眼']"
sei2 gu4 gu4,"['死古古', '死固固', '死估估', '死咕咕']"
sei2 leng1 zai2,"['死靚仔', '死𡃁仔']"
sek6 toi4,"['石檯', '石臺']"
seng1 wan1 wan1,"['腥鰮鰮', '腥鰛鰛']"
seoi1 mei4,"['衰微', '浽溦']"
seoi2 hau4 zai3,"['水喉掣', '水喉制']"
seoi2 kau1 jau4,"['水摳油', '水勼油']"
seoi3 jam4 jam4,"['碎淫淫', '碎吟吟']"
seon4 ban2,"['馴品', '淳品']"
seon4 faa3,"['醇化', '淳化']"
seon4 hung4 ci2 baak6,"['唇紅齒白', '脣紅齒白']"
seon6 dong3,"['順檔', '順當']"
seon6 fung1 sai2 lei5,"['順風駛𢃇', '順風使𢃇']"
si1 cin4,"['廝纏', '獅前']"
si1 faat3,"['絲發', '絲髮']"
si1 joek6,"['司藥', '詩曰']"
si1 man4 daam6 ding6,"['斯文淡定', '斯文倓定']"
si1 min4,"['絲綿', '絲棉']"
si1 mou2,"['絲帽', '絲母']"
si1 si1 sap1 sap1,"['絲絲𦠿𦠿', '絲絲溼溼']"
si1 si1 seng1,"['嘶嘶聲', '噝噝聲']"
si1 waa4 lik6 coeng2,"['思華力腸', '司華力腸']"
si1 wan6,"['私運', '廝混']"
si1 zung1,"['私鐘', '師宗']"
si2 fat1,"['屎胐', '屎拂', '屎佛', '屎窟']"
si2 fat1 lung1,"['屎窟窿', '屎胐窿', '屎窟竉']"
si2 taap3 goi3,"['屎塔蓋', '屎塌蓋']"
si6 gau2 daan6 daan6,"['事九旦旦', '事九但但']"
sik1 ceoi4,"['拭除', '適隨']"
sik1 deng6,"['識碇', '識埞']"
sik1 zung1,"['色盅', '色鍾']"
sik6 dak1 fan3 dak1,"['食得睏得', '食得瞓得']"
sik6 guk1 zung2,"['食榖種', '食谷種']"
sik6 lin4 zi2 gang1,"['食蓮子羹', '食蓮子羮']"
sik6 lo4 si1,"['食螺螄', '食鏍絲']"
sik6 o1 fan3,"['食痾瞓', '食屙瞓']"
sik6 to4 dei2,"['食陀地', '食佗地']"
sim2 sim2 ling3,"['閃閃呤', '閃閃炩']"
sin3 gai1,"['鏾雞', '騸雞']"
sip3 jap6 heoi3,"['攝入去', '𤗈入去']"
sip3 jap6 lai4,"['𤗈入嚟', '攝入嚟']"
sip3 zou3 laa3,"['揳竈罅', '楔灶罅', '攝竈罅', '攝灶罅']"
siu1 zoeng3,"['銷帳', '銷賬']"
siu2 cung1,"['小蔥', '小涌']"
siu2 hei3 gwai2,"['小氣鬼', '小器鬼']"
siu2 ji4 maa4 bei3,"['小兒麻痹', '小兒痲痹']"
siu3 mei1 mei1,"['笑眯眯', '笑微微']"
siu6 hing3 dei6 keoi1,"['肇慶地區', '紹興地區']"
so1 fu4,"['梳扶', '梳芙', '疏扶']"
so1 zong1 toi2,"['梳粧檯', '梳妝檯']"
so2 naap6,"['鎖吶', '瑣吶']"
soeng1 bit6,"['傷別', '相別']"
soeng1 tong4,"['雙醣', '雙糖']"
sok1 sok1 ceoi3,"['㩋㩋脆', '𢱢𢱢脆']"
sok3 hei3,"['嗍氣', '欶氣']"
sou1 on1 syun1,"['蘇胺酸', '蘇氨酸']"
suk1 bok3,"['縮髆', '縮膊']"
suk1 ham1 ham1,"['宿堪堪', '餿堪堪', '宿馠馠']"
suk1 jin4,"['倏然', '肅然']"
suk1 jyun4,"['夙緣', '宿緣']"
syu2 joek6,"['鼠藥', '鼠葯']"
syu2 wan1,"['暑溫', '暑瘟']"
syun1 mei1 mei1,"['酸味味', '酸微微']"
syun3 toi4,"['蒜薹', '蒜苔']"
syun4 tai1,"['船梯', '旋梯']"
syut3 jung4,"['雪茸', '雪融']"
taai1 ling1,"['呔軨', '呔鈴', '軚鈴', '呔令', '軚軨']"
taam1 hau2 song2,"['貪口爽', '貪口𡙁']"
taam4 zi2,"['罈子', '潭子']"
taam5 mau4 mau4,"['淡謀謀', '淡牟牟']"
taam5 mit6 mit6,"['淡瀎瀎', '淡滅滅']"
taan2 bok3,"['袒膊', '袒縛']"
taan3 faa3 mat6,"['炭化物', '碳化物']"
taan3 haa5,"['歎下', '嘆下']"
taap3 toi4,"['塌臺', '塔臺']"
tai4 laai1 mai5 sou1,"['提拉米蘇', '堤拉米蘇']"
tam3 jan4,"['𧨾人', '氹人']"
tam3 jan4 fun1 hei2,"['𠱁人歡喜', '氹人歡喜', '𧨾人歡喜']"
tam3 sei2 jan4,"['氹死人', '𠱁死人']"
tan1 pok1,"['吞㿺', '吞泡', '吞噗', '吞撲']"
tan4 gai1,"['揗雞', '忳雞']"
tan4 tan2 zan3,"['忳忳震', '揗揗震']"
tau1 bok6,"['偷薄', '偸薄']"
tau2 daai6 hei3,"['㪗大氣', '透大氣', '唞大氣']"
tau2 daam6 hei3,"['唞啖氣', '透啖氣']"
tau2 haa5,"['唞下', '㪗下']"
tau2 loeng4,"['㪗涼', '敨涼']"
tau4 ngok6 ngok6,"['頭𩓥𩓥', '頭愕愕']"
tau4 wan4 nou5 zoeng3,"['頭暈腦脹', '頭暈腦漲']"
tek3 daap6 mou5,"['踢踏舞', '踢蹋舞']"
teng1 gwo3 gaak3 lei4,"['聽過隔籬', '聽過隔離']"
teoi1 tok3,"['推托', '推託']"
teoi3 bing1,"['退兵', '退冰']"
tim4 dou3 nau6,"['甜到腬', '甜到耨']"
tin1 mung1 gwong1,"['天濛光', '天蒙光', '天懞光', '天曚光']"
tin1 ping4 zo6,"['天平座', '天枰座']"
tiu1 daai6 loeng4,"['挑大樑', '挑大梁']"
tiu4 ban1 zau1,"['條賓周', '條賓舟', '條賓週', '條賓州']"
to1 dou2,"['拖渡', '拖艔']"
to4 biu1,"['砣錶', '佗錶']"
to4 coeng1,"['跎槍', '佗槍']"
to4 sau2 nang3 goek3,"['佗手褦腳', '陀手能腳', '陀手褦腳']"
to4 tit3,"['跎鐵', '佗鐵']"
to4 to2 ning6,"['陀陀擰', '酡酡擰', '佗佗擰']"
to4 zai2,"['佗仔', '跎仔']"
to4 zi2,"['砣子', '坨子', '駝子']"
toi2 toi2 dang3 dang3,"['檯檯凳凳', '檯檯櫈櫈', '枱枱凳凳']"
tok3 sau2 zaang1,"['托手㬹', '托手爭', '託手爭', '託手踭']"
tong1 joek6 fai3,"['湯藥費', '湯葯費']"
tong1 zyu1 dang3,"['劏豬凳', '劏豬櫈']"
tong4 mei1,"['螗蝞', '塘𧋦', '塘蝞']"
tou2 ji5 kei4 juk6,"['土耳其玉', '土耳其浴']"
tou2 jiu4,"['討饒', '土窯']"
tou4 gaa1,"['逃家', '塗家']"
tou5 dam1,"['肚躭', '肚䏙', '肚耽']"
tung1 seon3 cyu3,"['通信處', '通訊處']"
tung1 seon3 hip3 ding6,"['通訊協定', '通信協定']"
tung1 seon3 wai6 sing1,"['通訊衛星', '通信衛星']"
tung2 jyu6,"['統馭', '統禦']"
tung4 buk6,"['僮僕', '童僕']"
tung4 dang2 hok6 lik6,"['同等學力', '同等學歷']"
tung4 jan4,"['瞳人', '峒人']"
ung2 fo2,"['㧬火', '𢫨火']"
ung2 jan4,"['㧬人', '𢫨人']"
waa1 zung3 ceoi2 cung2,"['譁衆取寵', '嘩衆取寵']"
waa2 zi2,"['𢱑子', '抓子']"
waa6 hong1 lai6 haak1,"['華康儷宋', '華康儷黑']"
waai4 luk6,"['懷祿', '獲鹿']"
waak6 dang2 hou6,"['畫等號', '劃等號']"
waak6 faa1 hau2 min6,"['劃花口面', '畫花口面']"
waak6 gwai2 goek3,"['畫鬼腳', '劃鬼腳']"
waan5 ci4,"['挽詞', '輓詞', '挽辭']"
waang4 gaak3,"['橫隔', '橫膈']"
waang4 zing1 bou6 lim5,"['橫征暴斂', '橫徵暴斂']"
waat6 lyut1 lyut1,"['滑捋捋', '滑𣲷𣲷']"
wai2 mei5 bat1 zan3,"['委靡不振', '萎靡不振']"
wai4 koeng4 ling4 joek6,"['違強陵弱', '違強凌弱']"
wai4 ming6,"['遺命', '違命']"
wai4 ngo5 duk6 zyun1,"['惟我獨尊', '唯我獨尊']"
wan1 wan1 dan6,"['渾渾沌', '昏昏沌', '瘟瘟沌']"
wan1 wan1 dan6 dan6,"['瘟瘟沌沌', '昏昏沌沌', '渾渾沌沌', '溫溫燉燉']"
wan4 ceon4,"['勻旬', '勻巡']"
wan4 to4 to4,"['暈舵舵', '暈酡酡', '暈坨坨', '暈駝駝']"
wan4 wan4,"['紜紜', '勻勻']"
wan5 ming6,"['殞命', '隕命']"
wan5 zi3,"['韻致', '韻緻']"
wan6 nei1 laa2,"['雲尼嗱', '呍呢嗱']"
wat1 mun6,"['慍悶', '屈悶']"
wi1 waa1 gwai2 giu3,"['喂哇鬼叫', '喴嘩鬼叫']"
wo1 baa1,"['窩粑', '窩巴']"
wo4 caa1 bei2,"['禾叉髀', '禾叉比', '禾杈髀']"
wong4 laap6 cong1,"['黃臘䱽', '黃鱲䱽']"
wong4 lei4,"['黃鸝', '黃梨']"
wong4 loeng4 jat1 mung6,"['黃梁一夢', '黃樑一夢']"
wong4 suk1,"['皇叔', '黃粟']"
wong4 wong4 jyu2 jyu2,"['黃黃瘀瘀', '黃黃淤淤']"
wu1 lei1 daan1 dou1,"['污唎單叨', '烏喱單刀', '污哩單刀', '烏厘單刀', '烏哩單刀']"
wu1 lei1 maa5 caa5,"['污哩馬查', '烏喱馬扠', '烏喱馬紁']"
wu1 mei4 hap1 seoi6,"['烏眉瞌睡', '烏眉恰睡']"
wu1 zou1 maau1,"['污糟貓', '烏糟貓']"
wu4 coeng4,"['糊牆', '弧長']"
wu4 lei1 wu4 tou4,"['糊哩糊塗', '糊里糊塗', '胡里胡塗']"
wui4 syun4,"['迴旋', '回旋']"
wun6 hei3,"['玩器', '緩氣']"
wun6 jin4,"['渙然', '緩延']"
zaa1 ceon1 doi6,"['揸春袋', '揸膥袋']"
zaa1 taai5,"['揸舦', '揸軚']"
zaa2 dau2,"['渣斗', '鮓豆']"
zaa3 dai3,"['詐諦', '詐帝', '詐蒂']"
zaa3 jing4,"['詐刑', '詐型']"
zaa4 zaa2 seng1,"['咋咋聲', '喳喳聲']"
zaa4 zaa4 lam4,"['喳喳淋', '咋咋臨']"
zaai1 lou5 mei2,"['齋滷味', '齋鹵味']"
zaak3 doi2,"['責袋', '迮袋', '砸袋', '矺袋']"
zaak6 sai2,"['擇洗', '擇使']"
zaam2 haa5,"['眨下', '䁪下']"
zaam2 haa5 ngaan5 zau6,"['眨下眼就', '䁪下眼就', '斬下眼就']"
zaam2 mei4 zaam2 ngaan5,"['蹔眉蹔眼', '眨眉眨眼', '䁪眉䁪眼']"
zaam2 ngaan5,"['䁪眼', '蹔眼']"
zaan2 gaau2,"['盞攪', '賺搞']"
zaan2 gwai2,"['㜺鬼', '棧鬼']"
zaan2 saai1 hei3,"['賺嘥氣', '賺㩄氣']"
zaan3 ci4,"['贊辭', '贊詞']"
zaang1 faan1 daam6 hei3,"['爭番啖氣', '爭返啖氣']"
zaang6 baau2,"['撐飽', '饌飽', '撑飽', '䂻飽']"
zaang6 sei2 nei5,"['撑死你', '撐死你', '饌死你', '䂻死你']"
zaap6 gok3,"['鍘角', '閘角']"
zaat3 deoi1,"['扎堆', '札堆']"
zaat3 goek3 po2,"['扎腳婆', '紮腳婆']"
zaat3 jim5,"['扎染', '軋染']"
zaat3 maa1 bin1,"['扎孖辮', '紮孖辮']"
zaat3 paau3,"['紮炮', '紮砲']"
zaau1 zaat3,"['啁哳', '嘲哳']"
zai1 deoi3,"['擠兌', '擠對']"
zai3 m4 gwo3,"['䎺唔過', '濟唔過', '制唔過']"
zai3 m4 zai3,"['䎺唔䎺', '制唔制']"
zam2 zik6,"['枕席', '枕藉']"
zan3 tan4 tan4,"['震忳忳', '震揗揗']"
zat6 sam1 pou5,"['姪新抱', '姪心抱']"
zat6 sau2,"['疾首', '窒手']"
zau1 coeng4,"['週長', '週詳']"
zau1 jau4,"['週遊', '週游']"
zau1 jau4 sai3 gaai3,"['週遊世界', '周遊世界']"
zau1 kei4 biu2,"['週期表', '周期表']"
zau1 san1,"['週薪', '週身']"
zau1 san1 syun1 tung3,"['週身酸痛', '週身痠痛']"
zau1 zau1,"['啁啾', '揪揪']"
zau2 baan2,"['走板', '酒板', '酒版']"
zau3 zi2,"['皺紙', '縐紙']"
zau3 zip3,"['縐褶', '奏摺']"
ze1 hai6 dim2,"['啫係點', '嗻係點']"
ze3 gai1,"['蔗雞', '蔗鷄']"
zeng1 gwaai1 ling4 lei6,"['精乖伶俐', '精乖靈利']"
zeng1 lek1,"['精𥌮', '精嚦']"
zeoi2 daam6,"['咀啖', '嘴啖']"
zeoi2 lim2 lim2,"['嘴歛歛', '嘴斂斂']"
zeoi2 miu2 miu2,"['嘴廟廟', '嘴𠴕𠴕']"
zeoi2 zeu1 zeu1,"['咀啁啁', '嘴𡁻𡁻', '咀𡁻𡁻', '嘴招招', '嘴啁啁', '咀招招']"
zeoi6 hap6 mui4,"['聚合酶', '聚合脢']"
zeoi6 jin4,"['敘言', '贅言']"
zeoi6 taam4,"['聚談', '敘談']"
zeon3 zoek3,"['晉爵', '進爵']"
zeon6 dei2 jat1 pou1,"['盡地一鋪', '盡地一舖']"
zeu6 dai1,"['噍低', '𡁻低']"
zi1 jau4,"['滋悠', '滋游']"
zi1 jau4 daam6 ding6,"['滋悠淡定', '滋游倓定']"
zi1 maan6,"['枝蔓', '滋蔓']"
zi1 ngaa4,"['枝枒', '齜牙']"
zi2 coi3 toi4,"['紫菜苔', '紫菜薹']"
zi2 sat6,"['枳實', '籽實']"
zi3 cing4,"['恣情', '摯情']"
zi4 zi4 zam4,"['吱吱斟', '吱吱浸']"
zi6 gai1,"['雉雞', '飼雞', '雉鷄']"
zi6 hau6,"['嗣後', '俟候']"
zi6 sou3,"['自訴', '字素']"
zi6 zi2,"['字紙', '嗣子']"
zik1 zai6,"['積滯', '癪滯']"
zik6 bat1 lat1,"['直不甩', '直畢甩']"
zik6 gyun2 jat1 hung1,"['席捲一空', '席卷一空']"
zik6 zyut3,"['直掇', '直裰']"
zim1 bat1 lat1,"['尖筆甩', '尖不甩']"
zim1 hon4 zim1 dung3,"['顫寒顫凍', '尖寒尖凍', '沾寒沾凍']"
zim1 tau4 dou3 goek3,"['尖頭到腳', '櫼頭倒腳', '櫼頭到腳']"
zing1 diu6,"['征調', '徵調']"
zing1 pik1,"['精辟', '精僻']"
zing1 zung1,"['怔忪', '征彸']"
zing2 gu2 lung6 gwaai3,"['整蠱弄怪', '整古弄怪']"
zing2 gu2 zok3 gwaai3,"['整蠱作怪', '整古作怪']"
zing2 gu2 zou6 gwaai3,"['整蠱做怪', '整蠱造怪']"
zip3 zau3,"['摺皺', '摺奏', '褶皺']"
zip3 zi2,"['摺子', '褶子']"
zit1 dou1 m4 siu3,"['擳都唔笑', '𡁶都唔笑']"
zit1 gaak3 laak1 dai2,"['擮胳肋底', '擳胳肋底']"
zit1 jyu4 daan2,"['唧魚蛋', '擳魚蛋']"
zit3 juk6,"['節慾', '折辱']"
zit3 saat3,"['折殺', '折煞']"
zit3 zi1,"['節支', '節肢', '折枝']"
ziu1 cou3,"['焦燥', '焦噪']"
zo2 jaau1 zai2,"['左撓仔', '左㕭仔']"
zo6 gang2,"['座梗', '坐梗']"
zoek3 hung4 haai4,"['著紅鞋', '着紅鞋']"
zoek3 jyun1 joeng1 mat6,"['著鴛鴦襪', '着鴛鴦襪']"
zoek3 lau1,"['着褸', '著褸']"
zoeng1 zi6 zung1,"['張治中', '張自忠']"
zong6 baan2,"['撞闆', '撞板']"
zou1 daap6,"['蹧蹋', '糟踏']"
zou2 tau2,"['早㪗', '早敨']"
zou2 tau2 laa1,"['早敨啦', '早唞啦', '早㪗啦']"
zuk1 ji1 jan1,"['捉兒人', '捉咿因']"
zuk1 mit6,"['竹篾', '竹蔑']"
zuk6 can1,"['噈親', '濁親']"
zuk6 zau2,"['逐走', '濁酒']"
zung3 so2 zau1 zi1,"['衆所周知', '衆所週知']"
zung6 mou5 gam3 nau1,"['仲冇咁嬲', '重冇咁嬲']"
zyu1 dam3 dau1,"['豬泵兜', '豬髧兜']"
zyu1 lo4,"['侏羅', '豬羅']"
zyu1 saau3,"['豬餿', '豬潲']"
zyun1 zing1,"['專精', '專征']"
am3 kaan2,"['暗簡', '暗坎']"
baai3 nin4 kaak1,"['拜年咭', '拜年卡']"
baan1 baak6,"['班白', '頒白']"
bat1 sam1,"['筆心', '筆芯']"
bat6 goek3,"['拔腳', '跋腳']"
bik1 ci4,"['碧池', '壁池']"
bik1 si6,"['迫視', '逼視']"
bing1 ling4,"['冰凌', '乒鈴']"
bok3 so4,"['搏傻', '博傻']"
caam1 wo4,"['摻和', '攙和']"
caam1 zaap6,"['攙雜', '參雜']"
ceoi3 lin6,"['焠鍊', '淬煉']"
ceoi4 fong2,"['隨訪', '徐晃']"
ci1 ngoi4,"['癡騃', '癡獃']"
cing1 gung1,"['青工', '青宮']"
cing1 joeng4,"['青羊', '稱揚']"
cung1 daai6 toi2,"['充大檯', '充大臺']"
cung1 kyut3,"['衝決', '沖決']"
cung1 loeng4 pou2,"['沖涼舖', '沖涼鋪']"
daa2 saai3 sik1,"['打晒骰', '打晒色']"
daai6 daap6 seoi2,"['大疊水', '大叠水']"
daai6 sik6 zik1,"['大食癪', '大食積']"
dau2 gung2,"['枓拱', '枓栱']"
din1 din1 fai3 fai3,"['癲癲廢廢', '癲癲肺肺']"
diu1 bai6,"['凋敝', '雕敝']"
diu2 hai1,"['𨳒閪', '屌閪']"
do6 gok3,"['惰角', '墮角']"
faan1 doeng1,"['翻啄', '番啄']"
faan1 kei2,"['返企', '翻企']"
faan2 ngong5 zaau6,"['反昂櫂', '反仰掉']"
fok3 gaa1 pei1,"['㺢㹢狓', '霍加狓']"
fui1 ci2,"['灰匙', '灰柿']"
fung3 jyu6,"['諷喻', '諷諭']"
gaai1 bou2,"['街簿', '楷簿']"
gai1 zan1,"['雞胗', '雞珍']"
gam1 jyun4 hyun3,"['金圓券', '金元券']"
goeng1 zoek3,"['薑酌', '姜酌']"
gung1 ceot1 tung4 fo2,"['供出同伙', '供出同夥']"
gwaan3 dai1,"['躀低', '摜低']"
gwai2 huk1 long4 hou4,"['鬼哭狼嚎', '鬼哭狼嗥']"
hang1 ci1,"['吭哧', '哼哧']"
hap6 ngaan5,"['闔眼', '閤眼']"
hei1 joeng6,"['熙壤', '熙攘']"
hei1 lam1 lam1,"['稀淋淋', '稀冧冧']"
hou4 tou4,"['嚎啕', '號啕']"
hung1 bou6,"['凶暴', '兇暴']"
hung4 fuk1 cai4 tin1,"['鴻福齊天', '洪福齊天']"
hung4 fung1,"['雄蜂', '熊蜂']"
jat1 go3 bang1,"['一個崩', '一個鏰']"
jau1 si1,"['憂思', '幽思']"
jau4 syun4,"['油旋', '游船']"
ji1 dou6,"['咿度', '衣度']"
jing4 gwong1 dang1,"['熒光燈', '螢光燈']"
jing6 lek1,"['認嚦', '認𥌮']"
jip3 fo3,"['腌貨', '醃貨']"
jyu1 zai6,"['淤滯', '迂滯']"
jyu4 seon3 kei4,"['漁汛期', '魚汛期']"
kaan2 kaan2 wu2,"['簡簡糊', '坎坎糊']"
laan1 tang4,"['欄藤', '躝籐']"
lau4 lin4 gwo2,"['榴槤果', '榴蓮果']"
leng1 neoi2,"['笭女', '僆女']"
ling4 gok3,"['楞角', '稜角']"
loeng5 kau1,"['兩摳', '兩勼']"
luk6 gung1,"['錄共', '錄供']"
lung4 sat1,"['龍虱', '龍蝨']"
m4 hoeng2 syu3,"['唔響處', '唔响處']"
maa5 dang1,"['馬蹬', '馬燈']"
maa5 ling4,"['馬鈴', '馬玲']"
man4 min6,"['文面', '紋面']"
mang1 sat6,"['擝實', '掹實']"
miu5 mong4,"['杳茫', '渺茫']"
mou4 lei4 tau4 gau1,"['無嚟頭尻', '無厘頭尻']"
mou4 mei5 fei1 to4,"['無尾飛砣', '無尾飛陀']"
nei4 zi2,"['呢子', '妮子']"
ngaa5 haang1,"['瓦坑', '瓦桁']"
ngau1 laan4,"['勾闌', '勾欄']"
no6 mai5 si2 fat1,"['糯米屎忽', '糯米屎𦜇', '糯米屎窟']"
paang1 laang1,"['𨭌䆡', '𨭌唥']"
pong1 tau4 dat6 ngaak6,"['膀頭突額', '膀頭凸額']"
saa1 coeng1,"['紗窗', '砂槍']"
saam1 goek3 gai1,"['三腳雞', '三腳鷄']"
sam1 zyut3 hau2 ban6,"['心拙口笨', '心拙口夯']"
sau2 lai5 baai3,"['守禮拜', '手禮拜']"
sau3 gwat1 laai4 caai4,"['瘦骨癩柴', '瘦骨賴柴']"
sik1 lik6,"['淅瀝', '惜力']"
sing1 lo4 kei4 bou3,"['星羅棋布', '星羅棋佈']"
soeng2 gaam3,"['賞鑒', '賞鑑']"
taai3 ping4 pou1,"['太平鋪', '太平舖']"
tiu4 ziu1,"['調焦', '條蕉']"
tong4 haak3,"['堂客', '棠嚇']"
tou4 duk6,"['屠毒', '荼毒']"
tou4 fong1,"['逃慌', '逃荒']"
tou4 gu2 zeng2,"['淘古井', '掏古井']"
tou4 luk6,"['逃祿', '屠戮']"
tung2 lau4 zi2,"['捅婁子', '捅樓子']"
tyun4 fung1,"['團風', '摶風']"
ung2 lok6,"['𢫨落', '㧬落']"
waang4 bou6,"['橫暴', '橫步']"
wan4 tau4 wan4 nou5,"['暈頭暈腦', '渾頭渾腦']"
wo5 zo2,"['喎咗', '𢰸咗']"
wu1 cat1 baat3 zou1,"['污七八糟', '烏七八糟']"
zak1 fung1,"['側風', '側鋒']"
zau1 kei4 leot6,"['周期律', '週期律']"
zek3 cau1 zek3,"['隻抽隻', '隻揪隻']"
zi2 sau2 duk1 goek3,"['指手㧻腳', '指手厾腳']"
zi2 tin1 duk1 dei6,"['指天㧻地', '指天篤地']"
zik6 bit1,"['直咇', '直必']"
zoek3 cou2 haai4,"['著草鞋', '着草鞋']"
zoeng1 wong4,"['張皇', '張惶']"
zyut6 ngai6,"['絕詣', '絕藝']"
duk1 hau2 duk1 min6,"['㧻口㧻面', '厾口厾面']"
hei2 jau5 ci2 lei5,"['豈有此理', '喜有此履']"
ng5 coi2 ban1 fan1,"['五彩繽紛', '五彩賓紛']"
m4 zung1 ji3,"['唔鍾意', '唔中意']"
sap1 saai3,"['濕晒', '溼晒']"
ci1 maa1 gan1,"['黐媽筋', '癡媽筋']"
coi3 jyun5,"['菜薳', '菜軟']"
duk1 hau2 duk1 bei6,"['㧻口㧻鼻', '𧰵口𧰵鼻']"
m4 de1 m4 diu3,"['唔爹唔弔', '唔爹唔吊']"
mung4 mung4 caa4 caa4,"['濛濛查查', '朦朦茶茶']"
bei2 jan4 kwan1,"['畀人𧥺', '畀人昆']"
mai5 sai2 zi2 ji3,"['咪使旨意', '咪使指意']"
wan4 wan4 zung3 sang1,"['芸芸衆生', '蕓蕓衆生']"
mai5 caau2,"['眯吵', '咪吵']"
dak1 m4 dak1 gaa3,"['得唔得架', '得唔得㗎']"
diu2 nei5 si2 fat1,"['屌你屎窟', '屌你屎忽']"
m4 daan1 zi2,"['唔單衹', '唔單只']"
so4 gang1 gang1,"['傻庚庚', '傻羹羹']"
bin1 go3 waa6 gaa3,"['邊個話架', '邊個話㗎']"
m4 hou2 lyun6 juk1,"['唔好亂喐', '唔好亂逳']"
so2 so2 seoi3 seoi3,"['瑣瑣碎碎', '鎖鎖碎碎']"
zi2 mui2 kwan4,"['姐妹裙', '姊妹裙']"
mou5 jim2 gai1 lung4,"['冇厴鷄籠', '冇厴雞籠']"
m4 hai6 gwaa3,"['唔係掛', '唔係啩']"
ngo5 ji4 gaa1,"['我而家', '我宜家']"
laap6 laap6 lyun6,"['蠟蠟亂', '臘臘亂']"
wu4 le5 maa5 caa1,"['胡哩馬杈', '胡哩馬叉']"
mou5 saai3 fu4,"['冇曬符', '冇晒符']"
zaa3 zaa3 dai3,"['乍乍帝', '詐詐帝']"
hung4 faan1 ke2,"['紅蕃茄', '紅番茄']"
mat1 ze1,"['乜姐', '乜嗻']"
m4 bei2 a1,"['唔畀吖', '唔俾吖']"
zou6 dou3 sok3 hei3,"['做到嗍氣', '做到索氣']"
fung1 ji1 zuk1 sik6,"['豐依足食', '豐衣粥食', '豐衣足食']"
jau6 hai2 bo3,"['又喺啵', '又喺噃']"
coeng4 meng6 gung1 fu1,"['長命工夫', '長命功夫']"
m4 coi2 nei5,"['唔採你', '唔睬你']"
tai2 haa5 dim2 sin1,"['睇下點先', '體下點先']"
sik6 faan6 mei6 aa3,"['食飯未啊', '食飯未吖']"
saa1 wo1 zuk1,"['砂鍋粥', '沙窩粥']"
faat3 gwo3 lai4,"['發過嚟', '發過黎']"
hai6 mat1 lai4 gaa3,"['係乜嚟架', '係乜嚟㗎']"
bok3 saai3 meng6,"['博晒命', '搏晒命']"
daai6 jat1 cyun3,"['大一寸', '大一吋']"
mong6 mat1 je5 aa3,"['望乜嘢啊', '望乜嘢呀']"
m4 sai2 min6 ceng1,"['唔使面青', '唔使面靑']"
wai4 zan1,"['爲真', '唯真']"
zoi6 seoi2 jat1 fong1,"['在水一方', '在水一坊']"
tiu4 lei6 hou2 haai4,"['條俐好嚡', '條脷好嚡']"
waang4 cung1,"['橫沖', '橫衝']"
ngong6 gau1 gau1,"['戇𨳊𨳊', '戇勼勼', '戇鳩鳩']"
nei5 zeoi3 zung1 ji3,"['你最中意', '你最鍾意']"
ham4 gaa1 caan2,"['含家產', '冚家剷']"
sai2 saai3,"['使晒', '洗曬']"
mat1 lai4 gaa3,"['乜嚟㗎', '乜嚟架']"
sit3 dai2,"['舌底', '泄底']"
diu2 nei5,"['𨳒你', '屌你']"
gyun2 jin1,"['捲菸', '卷菸']"
pai1 ping4 gwo2,"['㓟蘋果', '𠜱蘋果']"
